AssetId,SiteId,SystemType,Serial
f50ef7de-e558-49dc-a79d-07b485c0933e,6cba7397-c171-4657-850d-249cf2dbef68,Monitoring,
b4588657-4032-47cb-af70-920e53c847cf,818a272a-e583-45b1-9431-d1505478a61a,Monitoring,
f06c2901-2c52-450c-8d56-dd6d135760cc,338ea4ff-5f99-43d1-ab21-a2058b2a794e,Monitoring,
6d1ab79e-e6d0-4694-9aca-12e3275f5145,cf96af23-2e9b-498a-83b3-e227880f6c98,Monitoring,
9d701dd9-8c7b-4c98-9a63-d99682c3552e,37a04b93-a8e2-4002-b1d2-527a66097618,Suppression,
3fa896d3-bce0-47a0-baa4-7862fac9b914,ce189e32-ff70-419a-9250-0c5c5cd49567,Sprinkler,
f70006e8-e724-4c30-bc84-afe0ce02e3d0,ad960e20-bbb6-48d0-8696-febf42319268,Monitoring,
2f499d4f-3b91-4b2a-ba70-d3e6826753bc,c065f299-76e3-44d0-a6bf-399f6a408c20,Monitoring,
0375e66c-00f1-446c-b9ca-2e55d7dce383,753966d4-c2cc-4ef7-ba6d-5f6444c2c33f,Sprinkler,
29797625-d47d-4fe9-a7ee-ae92473ddfa6,f3023bdb-98ec-4ffd-8895-8a028b7667d3,Sprinkler,
c0fd0d7e-d583-4821-911a-1a5e191cf6ad,7b556c72-365d-41f0-94c1-ea72a6a1bb1c,Suppression,
62fa2ab7-395d-4b76-9576-f3c2c70e9c07,817168af-7ca0-4b74-bf54-b714673214bb,Sprinkler,
ea470bcb-80e8-4609-8713-afd951af426f,ea8cdbe1-c647-4437-8abf-ff94486340c6,Alarm,
bb5fc8f6-ef0b-42bf-9d9c-a8ddd26f6512,b0cde26b-7deb-4645-95de-49fdfbd6b9c8,Alarm,
99a53172-4496-41f2-8d30-b276ea1b24ab,5fbb9fbe-a9b6-46be-ad54-830a3317927f,Alarm,
8ad5a844-169c-4a99-bc96-35aefabaade8,7e9f7785-7d09-47d0-bb24-d43e15d0b26d,Alarm,
3a88c5b1-a33e-41a3-81f6-311f251cca67,fe145449-8be2-44a1-9730-1157661208f3,Alarm,
fb2408f6-8a29-460c-900c-f6ba150cbb06,282d1300-64fa-40c3-9364-8d4a5c432233,Suppression,
131e7e76-17d7-444b-97fc-66c0845e417f,ce15953a-38b0-41d4-b737-70743f459005,Alarm,
532541bc-6d42-402c-bfd7-b320039f8066,560dc5a4-82a0-4a54-ab36-81af3618d814,Suppression,
df447f10-b9bf-4581-9c02-042bd77b09e5,e57a79b3-39af-4845-bef0-1cfcb453c7dd,Alarm,
c7b49e43-c078-4432-abc8-4d290e45627c,a0980449-a804-4df5-a8e7-c0973358d071,Suppression,
591c37a6-2f3f-4d94-abd4-dbeb5428e65e,2f865260-e8dc-4895-943b-44667e95f27a,Suppression,
35c3e553-e2bc-4dbb-8c36-13bd6fa025ca,9d9c87bf-1f28-4c92-9d40-e9667b91faa0,Monitoring,
388c3b25-6217-49db-ae31-31da69143c3f,e5d6545c-15c5-4969-8fad-a2d4e69ebd41,Monitoring,
ef3b0370-d73c-499e-aa9d-3eb8cb38f3d3,bfd9af2b-be35-4cf2-a2c4-e8d4dca7531b,Monitoring,
f1f14ec6-bbaf-4f6e-8734-4257f588365e,2fdf9407-804a-4d07-9cde-8e08b78f3fec,Sprinkler,
4478c455-7669-4382-a706-e0b5647c1594,116b802c-3033-4808-9e4c-69263d7afe56,Monitoring,
0803c8b4-0309-49d3-8bc3-d8f910605975,edd21fef-bc70-4626-bcc9-d2371d233f7c,Suppression,
af4df2ee-56e8-4abf-91fd-c50bd8981deb,b64da089-b55c-4e87-baef-55cd77355c11,Monitoring,
b783ce08-6aaa-4371-9907-b49006fd27dc,c80abcfe-e83a-47bb-af5a-428e63a16d58,Suppression,
9a7d0d02-5f6a-4ae0-9d3d-8470c2e87489,3e38a5eb-c3a8-4e20-ad42-98e52b63405e,Sprinkler,
40b2b4b8-eba5-49f2-903b-dfbdd474ce6e,15a062cd-881d-4270-872d-c221d84ea76b,Monitoring,
2f3e95fa-3d29-4926-8f6f-9752293ca494,d198aebd-42e2-4177-adbd-f492bb5bd250,Monitoring,
2c41f358-b9cb-450f-8425-8dc8bbdcbde3,3c92f962-373e-4cc2-b4ce-73d1ba658c9b,Sprinkler,
03165120-8174-4465-9dc0-bb811d8709b0,6ffdbc08-2c48-474f-9a84-9bc8203ecaa9,Monitoring,
534d21f6-79d4-4f74-9345-69cde8c4aa47,c9121baa-c989-4eea-93d1-cfb95c2a7554,Alarm,
1f2ca5ff-8c53-4861-815b-f60781541b7f,921aee02-3703-4a03-bae1-dd35fb48be34,Sprinkler,
5507d290-c085-420a-b599-92546d7c4e3b,3164db58-e716-4d31-bd56-9c1a2f5ba759,Alarm,
78522f26-2722-4c9d-abd5-069795620f57,8a814ea7-a6ab-488f-b57f-02061ef651e7,Suppression,
657e8a49-1c7e-4370-99fc-8836ff0d09b1,43ef74b1-9fde-4f64-ac71-43f0377e8c60,Alarm,
e508678f-9a7c-42e6-b6af-b0184fa555d0,b39fd0e4-ea17-4032-9f16-3d26d9395d85,Suppression,
9f8214bb-0a8d-4c6a-973f-9864c477a6be,ecb10de5-bb14-4ebe-bdd7-b7d9e7345c3a,Alarm,
cf82dfa3-fa72-4a14-8d55-bb3180766a71,03967321-545b-4251-88ef-d5c94dcac68c,Suppression,
0a7a1a69-d105-40da-851a-7231a4580e03,cc6adea3-dcc3-46a0-b660-20cc2fad3ad8,Sprinkler,
209bed40-422d-417a-b645-ae7dc520df78,4ee85663-4fbe-4e6c-81a4-6069e56a04ee,Monitoring,
a1c1898b-0e6c-4c86-8dab-42e1af979392,dc9cb7ad-1f77-4fea-a82b-9ea68a9f2281,Monitoring,
56ebdfcc-981e-44f4-a36f-608ece422ae4,dab8b37f-8e4e-4039-89da-04b7d7a4a96c,Alarm,
165472b4-bee8-4555-8744-ebfe7f44a94b,528fa987-3f02-4ad7-9ee6-929ca3db87c9,Sprinkler,
3157ddf7-b9ec-43c1-9681-0856634f79c7,6a71dc30-202b-4eed-bfa6-65f41b858565,Monitoring,
c64f74b6-3e76-4605-8343-0b6abc5ec63a,cee884d9-0427-4b24-bf81-23aced72fc2c,Monitoring,
75d38a87-a7f9-4849-9d9d-ccc26c62e04a,b80e51d7-0978-4d5f-ab0e-c96ef53742e0,Monitoring,
d354241a-584d-4fc7-ba64-717e8c5c0298,b4b24d64-aaf3-4b42-9adf-08c86d99fa66,Sprinkler,
d7f1cf46-0398-415b-aa9b-54062539e1f4,2394cd36-3f12-4558-a325-9170eea003cd,Alarm,
8196ab1e-3a5c-445b-8d2f-6329d0fdd2bf,c7546429-4358-4ec6-82fb-df65e713b6fe,Monitoring,
61a6146d-156c-477a-b6f7-bd7664259915,378df7da-843a-432d-b0aa-02f389a396d8,Monitoring,
9b9cdb56-6df4-48b0-a2ed-819094853e57,282ba953-1794-45ec-81ba-a1dab276680b,Suppression,
7ce6a18c-9599-4638-9b13-68f3896067a5,1a126cd0-de9d-46a7-a7b0-11d4a1c04086,Monitoring,
5e0cd0a1-3dcf-4d66-8554-90d4cd2cb6f9,30435f74-a865-49eb-8a6e-9eeb425c8a67,Alarm,
f743050f-0ab8-4931-ae47-0d3e43b3198d,3c2f470b-99ee-4c07-bee9-e548160306f0,Sprinkler,
fbb18d43-0d6f-4e48-a2a1-15ed29f629dd,b403253c-824e-402a-b704-51cf90cfbc0e,Suppression,
83f212ee-b0f1-4b5b-b507-ccf44f4815c5,6f6a3063-79b9-4f7a-9a87-63170bf01ee6,Suppression,
2faa0ca3-b2cf-45a0-a0b1-783057201552,32a254f2-0c2a-4859-ac21-3e9b2dc0c22c,Suppression,
18c32381-63f5-4269-abb3-2aa43a4728d3,aecdeec8-0866-4fef-9536-1e544717600e,Monitoring,
45ac9f79-4315-473e-984f-1ddfa6daf5a6,63e97bed-a8f5-4751-9b3b-a653e947588a,Sprinkler,
eab34964-ac4b-4baf-8f88-e336b19938f2,fd3e0fda-a55c-45b1-b54e-23a9398c3f4a,Monitoring,
4e618fe9-fa7b-431f-b74d-9664eff02a55,88073a84-1e00-4f31-8308-38ff3f53d913,Suppression,
9ece840a-b09e-42be-8de1-2d16e61d26ca,b754a0d9-51ee-4890-a69d-1e224840a1a8,Alarm,
291df737-c060-47b7-b77e-9fdbba8d346a,cc2f502c-dac3-43e5-81c2-54e1fa2dc610,Sprinkler,
00cd21db-8217-4c72-a8dd-ec04b5436362,2d16c6ae-865a-4348-a802-467039f23148,Sprinkler,
611fc170-bfb9-46c0-991e-fa413a91fa57,11fefb33-f472-45cc-a504-86b1a3799fe1,Alarm,
babba81a-86ee-47bd-9ded-f9c444beb30f,1b7612c3-ae82-46fe-9a1e-3a3d986d1c87,Suppression,
213ff9fa-e0f8-44ca-b061-885a897691e1,2049fcca-84c6-449e-9ee4-d61ee694bce3,Suppression,
325458e5-e52c-4268-9826-d4aa4a7c76ca,d7cbf52b-012d-4da0-b1dd-a3d7810d784f,Alarm,
ed53dcdc-3e46-431f-8832-c81c026f72b7,41dbf704-ece9-4027-b141-6469ec6bc161,Sprinkler,
2444d100-bd8c-474d-85e1-7b37f6409d30,f41e0a01-aa4b-46ed-80ac-34cd3a2393ac,Monitoring,
4b7cadf1-03bd-4e86-b9da-0799d5b0f196,648a5fda-e198-48c2-8426-03287fb131ee,Monitoring,
79defde8-e740-4650-90be-ee8013acdd57,39748edf-0af9-4bfe-ae19-ceaa80a08396,Sprinkler,
416e6ecd-5031-4197-a354-3995521b3fd5,c4520e6b-2536-4368-8916-bd3d08f95c35,Sprinkler,
6a293cd5-4240-464d-a8b5-ca8644ec9c6e,aef54b3d-9f35-4ec8-95d7-751948c41fca,Suppression,
78e197ca-d90d-49ef-b9b5-4d12c8159f9e,040f760c-295b-49b7-b566-c5c4530c30c9,Alarm,
1b6bf434-45d4-49c2-8904-c4ea2f614e9f,7d6dba6a-399e-451a-90dd-43519ba7ee22,Suppression,
215a7080-b9de-46ba-bb0b-9806dfb478bc,6aa5749e-7877-4df2-a82a-bd13dd96f664,Suppression,
15fb9b8e-e793-4a98-9c67-4c7df6ab29ff,6cf84c5b-a3c6-4581-ae52-982fbf41cfc1,Monitoring,
d0456aea-7f93-47f9-a265-cf8f3eb91466,63741f38-2d6f-4541-9165-1974709b349d,Monitoring,
9bdbe85c-6477-47e5-86ea-4da9ee4912d6,2224f1ca-74c8-4957-905a-0592101e9930,Suppression,
29fcfaca-fc92-4a3c-a6b5-3559a5217fcd,ceb8892b-fca4-43f5-a772-3f4c3073a1b4,Alarm,
9ba7017c-4ef6-4912-8880-c5cf484da6df,380cde20-9270-436e-8408-53ceba32064b,Monitoring,
460afc12-3a8c-4756-9369-471c31e6b728,b6b85830-a28e-4e25-aa60-98a7ae6d083c,Monitoring,
9bf2e92f-f29d-44c1-82f6-f7faa317f56e,dbc79610-f4bf-42ea-a8db-58cff35e0afb,Sprinkler,
749102ee-a24d-4a82-9ed0-f01f75549da0,23004dc8-c2cb-4ab5-bdc2-de6485ae19c5,Monitoring,
95c6000f-e2bf-4b97-8573-44aab86afd50,e5f4995a-7c9a-4942-b03c-a18efda520aa,Monitoring,
a8004786-f607-46e5-a82b-2db8c7834fcd,8d39c024-6842-4f70-8264-dacc45af9382,Monitoring,
27b24ff3-485e-4b58-8db2-9d50f65e3dc3,33edd6f0-11e0-4bf6-926b-0222757fc9a8,Alarm,
89525acf-53fa-4d20-af8c-084a9205a46e,042abc4e-f021-4d95-9f7d-65e847f372cc,Sprinkler,
64286433-eada-4d22-8356-76c7d9fb9808,87a77cd3-e9b3-4bb7-9557-42af88ef74d5,Sprinkler,
fe4592c7-19d0-4888-89b4-f53207ec92e3,6c8d027b-4738-4ac7-a901-2a6cc3d120a5,Suppression,
45d77167-63dd-4a7e-bb09-77b21efa8ec5,7990c561-e50c-413a-a3b9-41d8d9e33790,Monitoring,
f891333d-5f1b-4473-b832-36e2f6dd869e,7dccdc8e-6c7b-4dfb-a5f8-99f4eb5582a3,Suppression,
6d83268c-0d59-4a78-b0ec-545401acfd41,89ccaf04-63d6-473a-b986-16d46e8fe5a2,Sprinkler,
13c6e05c-6cff-4c5c-b259-52b22bf2ec91,c3c0c39e-f1c9-4bc2-83be-7cf4b2d548d1,Suppression,
0e3607d1-1c31-4431-a9ee-a8dd618eb87b,1816c3b3-762f-46c1-81bc-78b0744bf479,Sprinkler,
775e1029-2d84-4fd6-960e-404d3c2f25de,1d4bb54a-0f3a-4c52-a457-71e3de2ac0f5,Sprinkler,
d5f4d119-0275-4faa-aed5-e13d3c9f8806,aa8238b8-fecb-4ce1-b0cd-5c24b384b925,Monitoring,
2426d28b-261a-499a-843d-ae48220015ec,0a138de0-6309-49fe-85b9-996db1362029,Sprinkler,
8b42a646-c405-43ca-85e9-74bfeb9f3203,0ec5683d-efa1-48e5-a4db-7a3e113fdd96,Suppression,
c1b67533-dc46-4153-8ca1-101c003cb86a,3ba3fc34-007b-4812-aace-1654ecbbb1c3,Sprinkler,
d2ec3a9f-472c-44f4-9d03-27373826d018,63ae8cd8-d252-4b38-868b-c23420809932,Suppression,
17ea268c-b284-4ccc-9631-8954de953534,157bead8-d7a4-45fa-9758-3feffe5e63c0,Alarm,
28cd5986-9e91-4105-bd9b-78ad93dd33c1,961595ff-d126-49a6-8ba7-492d22fc59d8,Sprinkler,
006a9ec0-8878-4b3b-ae73-53aab991c736,7169fe83-9565-4eb8-bb6d-0abfbf557b19,Monitoring,
d0744459-7258-4f5c-b3a8-367b29a919f3,592de029-6c7b-4f0e-adef-d39f4cc3276b,Suppression,
9ff87436-569c-4d84-99b5-50e48d7ed7b3,114664c5-d740-4e53-8a41-963e377f7e1f,Alarm,
45a21c69-fbd2-416f-b07b-5d9f0928d86a,243583ca-065e-4dba-a172-6618bf6dbad4,Suppression,
81da5ee8-f3db-44fa-bf86-f32e45a5a058,826d4c09-8bec-4090-be37-b376556c5066,Alarm,
669ff8c1-5ba5-4f7b-8f47-5800034d11ca,3379d2bb-f981-402f-a6db-1e816c7bc029,Sprinkler,
7b531759-e114-4ea6-ac12-68d0ebbd22bf,3983f6bb-d701-4315-b1ba-39112643f44d,Alarm,
b873aae8-3429-440e-94ce-3f88db2cfd30,c9b3f2f3-b63d-4e36-a87a-1c7d9bf092ff,Monitoring,
e0ccf4f5-59bf-4423-9322-56538a25f6ef,5c347ebb-1498-4bbc-ba0e-6de94765f0eb,Alarm,
e38ad5b8-d0e7-4039-b413-0a03af960aa8,72b9233a-8599-4343-b20b-b04f11f2eaf8,Monitoring,
3dc0d0c4-668d-415a-8a39-c9a66db52680,969f2277-48fb-4098-bf1c-37b99e7f2dac,Alarm,
58d3eb97-c72d-4f6a-a629-6873fc89ebf0,70d5194f-de24-4c1b-b483-1029a91ebde7,Suppression,
f571e5f9-3cf8-4b1f-84f6-72450528068b,39de6212-1b26-4f41-931d-4a83509dedc5,Alarm,
089631fc-4942-4685-9654-493b9bb42cc4,4b8cab89-aece-43c0-8fd3-52d1adea65f6,Suppression,
9425b94f-d3a9-4cb7-b12f-7f51a3044cb5,e1c4d3c3-a3fb-45d5-a381-ab59cc1e0aac,Alarm,
66f76e50-47d2-4b67-be6a-32ac0887048f,a4558def-60d5-4724-a13f-0ae438e4aeee,Alarm,
f35ce4b5-ff38-432f-a929-25d61e34da2a,bac3710b-eebe-43ce-91aa-443b84a4006a,Monitoring,
63b18aaa-ca64-4dcc-8542-db75479d569c,6342dc63-7f22-4f16-ad09-6d8237f5e42d,Sprinkler,
ebb9f5c0-b087-420f-ba64-7b2880c3a052,ab2a2abe-0874-4c71-a47d-ab4eee27665a,Sprinkler,
c116d41a-c620-4857-9350-19b6a3fb97f1,12aed788-2a65-4ad5-8746-e4809f9927a3,Suppression,
fd4592c0-6cf3-425d-988a-56cee0e4d75b,6ca853d6-1559-464a-8055-79340dbae2d9,Sprinkler,
32e0e7c8-0567-461a-8467-fba49d980706,6b69d28d-3767-4bd0-80bd-db394e74afc4,Alarm,
47e9c942-310f-453b-9769-70a027119b07,9243f726-6939-496a-9cbe-1d8239143bb2,Monitoring,
2c8904c7-a804-4b1d-b0c3-bae246097b98,3fef09cd-aca3-45f1-9527-cfe224e9716e,Monitoring,
c182269e-9728-486b-80d9-fb91c71e0118,3009456a-1797-4a1b-ae61-f505166aa3e5,Monitoring,
1d34d90d-ec5c-4ec4-8e02-3a032bc5ee90,59ddc7b9-9585-46c3-bff5-83508052a5ab,Sprinkler,
544a7fbd-343c-428d-8586-a679e44b5b89,fe6d2aed-3c10-4f5d-864d-f799a7ef8bd3,Alarm,
7294ce70-1d3d-4a13-ab24-af96a4af72b0,b7e8b42b-8e20-43e6-9b60-a4860ff15ad4,Suppression,
bb552003-810d-4684-b2f1-562bfff6a8f7,54eacdea-f07a-4a7e-95ff-25ef895b134a,Monitoring,
5580492b-ee4b-4e3a-b5e7-ff89dd7b3e2d,1f52eaf7-4ca1-46ae-9e4f-5a272904cd58,Sprinkler,
8f7fa5b4-8a64-4698-953f-d40aa5a22b4a,db865062-6f26-47d1-a108-3743c21aaecc,Sprinkler,
97c1d237-170d-428d-8bef-1e41cace1c3c,1371776b-e038-4805-af0d-5555116b86fa,Sprinkler,
997154f6-4b31-49fa-91ba-af653a6a548b,55cb4734-2fc2-45e7-a40f-6694710f6b06,Alarm,
3bb37704-06ff-4dc1-8e45-ef4d07d60b78,b8b733fe-a260-4498-9c75-578ad5a1445b,Monitoring,
4ee681e1-73b0-4ccb-aa37-984bfa8209a0,a9f62c90-0c85-44dc-b5a5-f418f9b5c1bc,Monitoring,
ebf37f83-7ad2-4792-a88c-f161040bbbee,8b79552b-9a92-4488-af4d-8f7c7e27abf6,Monitoring,
af8753b6-8985-411a-ad31-9d203f0ffaff,74e9ce88-32ad-4465-82cb-624bc2079177,Suppression,
5a70a569-f6f7-46e4-96cc-be7ac6f784fa,913125d0-5d8d-468d-ad01-b450b15be2ef,Suppression,
0dd7ef82-a0f5-4a81-911c-986a45b10769,3202ca34-0982-460d-bde3-edc12ebbd582,Sprinkler,
102e9361-bbc2-41fe-95dd-97e5e208d89a,f8de12ed-109f-4c27-8c6e-9a207fb0d028,Sprinkler,
2b5faf3e-8968-496a-9282-143de7e269ea,353aa833-a53b-44f2-a0c6-5bd9facc37ef,Sprinkler,
6c1b0849-9686-402a-84a2-0c16812e40ae,ce247125-741d-424b-8ab0-f4992a2bb4a3,Alarm,
77383c3f-af54-4d5c-aab3-006b1a7f1b0b,f317747f-1264-4154-9118-07961ac6c02c,Sprinkler,
706c66cb-5cc3-44ce-a6d9-def88f2cdc7e,46abf185-bebb-42d6-8995-c48b05b22fde,Suppression,
6e67017c-b955-4b38-b0d0-13c31a4577a8,47431c52-9806-4b70-b265-a147e6f8e466,Suppression,
a1f2ec4f-e7b5-4cb0-bec8-9246389aa4d9,8acd5dfe-2091-4e92-9ae3-1a50181f564b,Sprinkler,
f0539878-8dbe-44fd-ba85-29227114b9a0,eb6a1127-657a-4b11-be59-b2a3bb3f9ec3,Monitoring,
cfd4ae39-2dcf-4adb-9ff4-8d4d9e17ef2f,10e6d0d7-789c-4569-9890-6a4cfce94f0f,Suppression,
b46802b6-947a-49f3-b70b-44a8c29cda35,1568a491-c469-471c-9a25-556972ac4e4d,Sprinkler,
5101561d-c561-492c-9f8c-19a8ec521623,f3341b63-2d6c-4b20-b5f2-34f883eaaf47,Alarm,
a0d62fd4-cc3e-40dd-9fe9-4eeca35bc7cd,c82ba2c0-2431-49d2-be8c-d5b0d97e606a,Monitoring,
82d47724-b071-4f31-be62-1e492d0a642f,de9ecd1c-9c83-4107-817e-da0890a06832,Alarm,
b5d1f0ec-27da-491f-b886-07eac07cfa40,2656cc02-65ab-416c-b97d-5cd4c859ffe6,Alarm,
99af5ffd-e975-4834-8dc1-a3e5cd6351d3,c47a39d5-1116-4f00-b822-f5df3aee37d6,Monitoring,
007acaca-67f8-49ce-b800-43371e40eb78,f8466b6f-cc4c-4904-877d-df0f9c340717,Monitoring,
ba72c36d-f649-434e-8da0-9eba982fe7a0,21202444-c909-44dc-8ac0-a4025ca6cc30,Sprinkler,
e5801626-3181-4a1b-8959-beaa132c71f3,a70ef168-7527-492a-b81c-14d8395f59ef,Suppression,
a56ef9fd-1c23-4a91-a3f0-9b1d5445f0cb,4dc177b7-1336-43e1-ad3a-4b6d480e77d4,Suppression,
b57b8bb7-b44e-4208-a0af-062c815f8c9d,33de531e-6af8-4d89-b633-29af99f161ac,Monitoring,
c49dd25d-c0f5-4a3d-ad6a-d500ae1ef424,8a14b45d-c4ab-4bc3-94da-93ce8e9d15b6,Monitoring,
270da3f1-798a-4cd2-8522-aa997360b167,8ff96309-aad8-4de4-89f8-928096dfd733,Suppression,
7f2717cb-a1c4-4e72-93fc-b0886c2507c4,e1d0dd2c-f747-42dc-9a67-6c6c9f547562,Sprinkler,
c6986f41-c25a-4938-bc06-baf3f46b82a4,b9ac8f12-679b-4cda-9fe2-5c44143525e5,Sprinkler,
c9d8bb65-854e-49a0-9df1-67018f9d09c3,af4d43a0-6b09-4bc3-9c9b-5a5aa4e458e5,Alarm,
b70831a3-7542-40d6-b0d7-8a5384c4dd53,d09ce3f6-6b59-48a6-b455-5e878ae0be02,Suppression,
aa6d4d24-472e-4e39-bbca-d7ccbdaaf609,652c0ef7-d66a-409d-a129-5215a3336735,Sprinkler,
7801aec3-12eb-4922-840f-d023f4d83044,035b317c-6162-4b8f-b470-02d5cc30d193,Sprinkler,
86efc211-991f-4dd3-bcd2-b77238b3629e,67d4b6ba-0e96-4d3e-896f-9f9dca9d3f3d,Suppression,
907f2845-2012-482f-9651-93e1d6c7e274,318d984e-3074-4edc-9f02-09aa9de904dc,Monitoring,
33f47994-9ff7-44e2-8eac-34a1c3955591,9d4c3b60-987e-4109-8984-188297eef4d5,Alarm,
c1b96e98-d19a-4e0c-b260-ad41b6e7c285,ca9524b2-c5c5-4005-b499-0576ed316792,Alarm,
3ccd3916-c3a6-4fe8-a699-0cdfc6df1693,1da90a05-a51f-4da7-92dd-38c42974a8d3,Suppression,
dc0a8105-12d2-4356-88ed-562466d417eb,8bbb3f5a-9844-4743-a7cc-24782fb99e29,Sprinkler,
fd5f7263-97f7-4df5-a856-a619285d8abf,d13076cd-7380-4666-9711-3ba4547c4f26,Alarm,
482467cb-cede-4cd6-b1ec-b0b5c0ec08ad,27c65d28-e98a-4d49-b6cb-34a91597640d,Suppression,
00c9108c-fab6-4948-8541-778d62083d61,6d18e41f-9380-4aa1-8a49-d6f5bd2e7877,Alarm,
039a9eb0-7599-4399-afac-a0bf4a499d83,b4c972df-e6a6-4322-809e-9af1154c29df,Alarm,
4777813c-ff46-4f2e-a144-f63f15347194,2dc9be02-69b2-4da0-9aff-f64724293e54,Monitoring,
4b53c836-146d-4c1a-9fd9-9ddc6aabaa6e,19198023-31c9-48f3-a381-78d912f3f436,Sprinkler,
70eb336f-1517-42ec-be42-42941ce910f1,4b6bf802-1776-4f51-acc7-a974cd176460,Alarm,
da84bf71-3c92-4ae0-ad3d-b8fc815e4b29,ab3a1889-106d-4314-81bb-f09a6c3ba995,Alarm,
1dd86da1-8b4b-42fb-87ef-6222200a7279,32d278f9-4583-49c5-a26a-dca4ad21e61f,Sprinkler,
33e9b6c6-feec-498d-9c3c-c45176866eac,cf12f4e4-7f81-4e3a-8ed0-4be608512283,Monitoring,
42da6c97-8ffb-4b50-9a1a-aa6b40bb9c32,1cca2f6a-cedb-4919-8892-0c285e0facca,Monitoring,
a13c780b-87f1-4955-b610-5d01fe25a30f,836ba95c-4fa9-4405-8f74-dff442e14af6,Suppression,
92fe4033-8919-436b-a5f6-f07856710a9c,be35eff7-9420-469b-b941-20956516fb5d,Alarm,
45924e91-c3e5-4508-9c0a-16c8e05e862b,79ca4dd7-61e5-42a6-ab84-be567d185505,Alarm,
66aa6254-4568-4a43-a5c8-86df28cd9357,8a82be16-d163-4861-bf5e-d7b23589efb3,Alarm,
228ef121-5246-402c-bb4f-e1d3c0c3c5b3,3213acd0-6266-4e44-9464-1836d36afd1b,Alarm,
783fa034-cff6-478f-bb5d-553f6f395dd4,eed4a589-2662-4a9c-b813-a941e33846a0,Suppression,
d9190e1d-6ff2-4d7a-9285-c7f3c3e591fb,21efed44-9b00-41fc-966d-28f5dc8bdcac,Sprinkler,
01b34916-dba6-4dfe-8f40-e05c8cb64dad,9dac8e9d-f1f7-4a6f-9f06-8c275250b496,Monitoring,
0fe5c0ef-877f-4712-99e1-06940598a775,8e0b8998-6b24-49d1-9a26-c6f1ca1e4756,Suppression,
8526cf66-d034-4dc3-a1ee-16e47022271f,f0dd15f3-4502-4fea-b023-e9d94e49241a,Monitoring,
cccde714-9d51-462b-9200-752f3bc6402b,bdba2385-34b2-46e6-b18c-dfbf814ddf33,Monitoring,
00fb3aca-62d9-435d-93b5-2d389537bf88,85de8837-b9a8-4a56-a9d7-cdebbf2a69f1,Sprinkler,
ea66108d-6432-42ae-aad1-dee7788f5b7a,bac53f82-8141-4cd4-b0d7-54e4953535fd,Monitoring,
02c390b1-a226-47ea-a6ca-b1129f548f75,b2e866e4-3469-4692-9134-de07e1a00de4,Sprinkler,
