DeficiencyId,SiteId,Item,Severity
e93dd31e-ac24-47f3-a08e-2805ef7f26cf,6cba7397-c171-4657-850d-249cf2dbef68,ipsum consectetur ut labore ex ipsum consequat incididunt,C
985e6f8d-0c43-48a8-810b-160820526adc,818a272a-e583-45b1-9431-d1505478a61a,ipsum consectetur ut labore ex ipsum consequat incididunt,C
61d03a29-aca4-4002-86ce-adb445023890,338ea4ff-5f99-43d1-ab21-a2058b2a794e,magna do ut ad adipiscing consectetur quis adipiscing,C
1cf6af45-8f84-4dab-8983-faa88e24b49a,cf96af23-2e9b-498a-83b3-e227880f6c98,consequat aliqua veniam incididunt amet dolor labore aliqua,C
937e0088-f74d-4ac0-901e-4e3a2737d130,37a04b93-a8e2-4002-b1d2-527a66097618,ut magna amet eiusmod commodo et eiusmod nisi,C
57133198-d0a0-4d25-ae90-e3f1c484c405,ce189e32-ff70-419a-9250-0c5c5cd49567,nostrud magna amet ut enim ut aliquip nostrud,C
239b587f-f83e-4bc0-94db-be39dff2a3f8,ad960e20-bbb6-48d0-8696-febf42319268,nostrud veniam labore sed ex aliquip consectetur sit,C
fc204264-d1ce-49ab-88c2-05eee5a0f406,c065f299-76e3-44d0-a6bf-399f6a408c20,dolore consequat lorem elit commodo magna ad elit,C
34fcd393-1549-4db6-9324-3f2b02728604,753966d4-c2cc-4ef7-ba6d-5f6444c2c33f,ex incididunt do veniam eiusmod commodo ea lorem,C
36fa9fd0-10a9-4d92-8bf3-e1b3cbab6d7a,f3023bdb-98ec-4ffd-8895-8a028b7667d3,consectetur consectetur aliquip amet commodo sed sed ut,C
bf986cd6-7960-47a7-91a7-21e87d3d1541,7b556c72-365d-41f0-94c1-ea72a6a1bb1c,veniam laboris ea laboris elit et labore amet,C
0dcf8d52-43cc-4930-95d3-47e5442d016a,817168af-7ca0-4b74-bf54-b714673214bb,labore amet dolor ad amet ex et magna,C
d9b98597-8ddc-4968-84f9-d146de6ad605,ea8cdbe1-c647-4437-8abf-ff94486340c6,exercitation incididunt adipiscing adipiscing ullamco minim ullamco exercitation,C
2231c3a7-3dfe-411f-a8df-fd13adbc681c,b0cde26b-7deb-4645-95de-49fdfbd6b9c8,commodo laboris sed ullamco tempor magna nisi et,C
3f8d3360-6b4d-46bc-9bbd-8dd0bf31af91,5fbb9fbe-a9b6-46be-ad54-830a3317927f,exercitation aliquip ut ut nostrud sit eiusmod quis,C
79fe01d0-4919-4a76-a4c9-c58d322e0b90,7e9f7785-7d09-47d0-bb24-d43e15d0b26d,aliqua ut sit commodo sit enim sit sit,C
67cf92b6-7c3e-47de-a97a-8b4613b2646c,fe145449-8be2-44a1-9730-1157661208f3,amet et nostrud elit et dolor consectetur exercitation,C
bc3b3aa7-64ad-4372-b2fe-c4ef7302ce5e,282d1300-64fa-40c3-9364-8d4a5c432233,sed ut nisi enim amet lorem nisi adipiscing,C
15af41f4-6932-4d27-b01d-db2781e743b7,ce15953a-38b0-41d4-b737-70743f459005,aliqua eiusmod laboris commodo ut ea lorem consequat,C
2f5e89ac-af88-4221-a1b8-edd82fdde191,560dc5a4-82a0-4a54-ab36-81af3618d814,ut ad ut dolore ex aliquip dolore sit,C
2f546820-519f-418e-92ee-f48c10eb01ca,e57a79b3-39af-4845-bef0-1cfcb453c7dd,consequat ullamco consequat lorem elit amet do commodo,C
ef37674a-3023-440c-a89a-a2c3cfcc0087,a0980449-a804-4df5-a8e7-c0973358d071,dolor minim ut et adipiscing minim consequat exercitation,C
56f9cbef-6f13-4290-b49b-ff4919a20703,2f865260-e8dc-4895-943b-44667e95f27a,et magna eiusmod adipiscing quis dolor ut labore,C
fcd7f7ce-d9ee-4415-beb6-933feed00847,9d9c87bf-1f28-4c92-9d40-e9667b91faa0,magna amet magna minim ex nostrud commodo ad,C
6acdc9d6-b7f2-4149-b46f-487877e83bf3,e5d6545c-15c5-4969-8fad-a2d4e69ebd41,magna amet magna minim ex nostrud commodo ad,C
c2242279-419c-4933-98f0-8dea2ce134b8,bfd9af2b-be35-4cf2-a2c4-e8d4dca7531b,enim ullamco ex elit quis incididunt dolore dolor,C
bff36a38-677a-47eb-bddd-33b480b2f4d2,2fdf9407-804a-4d07-9cde-8e08b78f3fec,enim elit ut ex ut exercitation enim nostrud,C
cdc3f0f8-6170-4eaa-849c-8e3117c1c197,116b802c-3033-4808-9e4c-69263d7afe56,lorem ut aliqua ut ullamco enim nisi laboris,C
e952d823-215d-4cdf-913c-b9826bd0ce7f,edd21fef-bc70-4626-bcc9-d2371d233f7c,et ut labore incididunt do ipsum dolor et,C
338cc714-ed01-4ebb-845f-f6a87c7e137d,b64da089-b55c-4e87-baef-55cd77355c11,et do lorem adipiscing ullamco labore tempor ea,C
0d69251e-7fcb-458b-b752-1d890768fb7f,c80abcfe-e83a-47bb-af5a-428e63a16d58,ex ullamco consequat laboris eiusmod ut laboris dolore,C
bde86940-a44d-48ef-8778-b06ae5b01d77,3e38a5eb-c3a8-4e20-ad42-98e52b63405e,et magna ad enim commodo consectetur sed do,C
cb98f653-a865-4b86-9c32-44fc550c2a8a,15a062cd-881d-4270-872d-c221d84ea76b,sit ut exercitation quis ipsum quis ut lorem,C
c7fc3786-7e16-48e9-afb6-94b9c8b9a5d7,d198aebd-42e2-4177-adbd-f492bb5bd250,magna ullamco aliquip ipsum quis ad nostrud eiusmod,C
c00e3670-b853-4ebc-b7d6-b0f2c4082901,3c92f962-373e-4cc2-b4ce-73d1ba658c9b,sed nisi tempor sit dolore quis enim ut,C
99056295-3ed7-490a-b2b7-f4707bddcc0a,6ffdbc08-2c48-474f-9a84-9bc8203ecaa9,commodo sit minim labore amet dolor ipsum et,C
4b275010-d08b-4f64-82f5-8d64646c497a,c9121baa-c989-4eea-93d1-cfb95c2a7554,dolore veniam eiusmod elit eiusmod ut adipiscing ipsum,C
0a82a3dc-fc70-40ae-b33a-13f726a1f329,921aee02-3703-4a03-bae1-dd35fb48be34,elit dolor minim commodo ullamco veniam amet ex,C
fdb59b20-d7b8-45fc-b973-db59172e54a9,3164db58-e716-4d31-bd56-9c1a2f5ba759,tempor ea magna commodo ut nisi ullamco magna,C
8985dc99-44a2-4503-9037-a9ea9f2c2737,8a814ea7-a6ab-488f-b57f-02061ef651e7,aliquip enim tempor aliquip ut minim dolore ad,C
bd9c70c6-c8c5-470e-8b5d-06927a3f79d5,43ef74b1-9fde-4f64-ac71-43f0377e8c60,aliquip consequat et ut aliquip laboris ipsum consectetur,C
dcc51a28-7f5a-4d36-a96f-e69211b867a6,b39fd0e4-ea17-4032-9f16-3d26d9395d85,consequat ad minim nisi magna ut dolore labore,C
580d1bd9-fa27-48fb-a566-a52c694fc6c3,ecb10de5-bb14-4ebe-bdd7-b7d9e7345c3a,magna ea aliqua adipiscing incididunt aliqua labore veniam,C
014e034d-5e7a-4a0f-a651-7f96cbc5c356,03967321-545b-4251-88ef-d5c94dcac68c,aliquip adipiscing lorem aliqua ut ut laboris ad,C
0c6e6ee8-aa96-4882-aba3-8be5c0c4fc98,cc6adea3-dcc3-46a0-b660-20cc2fad3ad8,sit do do ut consectetur et elit consequat,C
bd50b3e7-95c6-40be-8469-c4a52e9c9bb3,4ee85663-4fbe-4e6c-81a4-6069e56a04ee,ullamco ut sit adipiscing ut ut dolore consectetur,C
5377bac8-05da-4054-a8b5-dece0b393ffd,dc9cb7ad-1f77-4fea-a82b-9ea68a9f2281,ut aliqua dolor labore aliqua aliqua nisi amet,C
cee0f59d-b401-48a0-80d6-c40997fbd477,dab8b37f-8e4e-4039-89da-04b7d7a4a96c,do amet sit eiusmod ut aliqua laboris elit,C
ffb13622-7c87-4153-8a54-3a08474b811a,528fa987-3f02-4ad7-9ee6-929ca3db87c9,ullamco enim dolore ipsum consectetur labore ipsum magna,C
8d55fa64-41fa-4fdc-b6d2-01b37757525e,6a71dc30-202b-4eed-bfa6-65f41b858565,consectetur ut minim exercitation ad enim adipiscing eiusmod,C
86b7fbe6-df8f-400c-b17a-0f8299dd9b75,cee884d9-0427-4b24-bf81-23aced72fc2c,enim dolore enim elit nostrud ex lorem commodo,C
5200dc9a-7180-4e49-8206-15b46845eb5d,b80e51d7-0978-4d5f-ab0e-c96ef53742e0,ut magna consequat sed aliqua laboris aliquip elit,C
0c1b86c2-5ee1-4e0e-b96a-df1673fade24,b4b24d64-aaf3-4b42-9adf-08c86d99fa66,elit nisi elit do aliquip aliqua ex magna,C
b519cd05-df82-47ce-977a-dafa0984e54f,2394cd36-3f12-4558-a325-9170eea003cd,sed amet magna exercitation ad ex magna lorem,C
48fc0dfe-bb67-474f-af18-d6ffca63630b,c7546429-4358-4ec6-82fb-df65e713b6fe,ad consequat commodo quis nisi enim incididunt et,C
fc01f668-1d48-4b65-8605-c0379a3880f3,378df7da-843a-432d-b0aa-02f389a396d8,aliquip dolor sed ex ad adipiscing laboris adipiscing,C
31f3c305-851f-4daa-aaf9-e11c9c12fc9c,282ba953-1794-45ec-81ba-a1dab276680b,nostrud consectetur ad commodo quis enim aliquip commodo,C
84cd61a8-9c6c-4aec-a9f8-72792c1aa497,1a126cd0-de9d-46a7-a7b0-11d4a1c04086,adipiscing laboris eiusmod ut ipsum dolor enim sit,C
f1f68b8c-7d59-499a-82a0-b59a0deefa6e,30435f74-a865-49eb-8a6e-9eeb425c8a67,tempor consectetur quis et aliquip do labore nisi,C
70a27949-6e51-4c58-8535-5957c7b46fe7,3c2f470b-99ee-4c07-bee9-e548160306f0,minim ut ullamco dolore nisi ut incididunt quis,C
b4b2240c-079c-4286-9710-105e7e94d96b,b403253c-824e-402a-b704-51cf90cfbc0e,nostrud magna lorem sit aliquip aliqua labore minim,C
ed6e5042-e0f0-40ee-8eb6-5413925d9ca7,6f6a3063-79b9-4f7a-9a87-63170bf01ee6,dolor veniam sed consectetur aliqua enim exercitation tempor,C
62a28226-7176-42fa-b36f-87bf338e7658,32a254f2-0c2a-4859-ac21-3e9b2dc0c22c,aliqua ad elit nisi amet do labore nostrud,C
150f67cb-839e-47ee-8b2a-965e3c9e5a40,aecdeec8-0866-4fef-9536-1e544717600e,dolore quis veniam adipiscing labore ut ipsum consequat,C
f284e771-e0ad-4c9d-91a6-0c558d879d16,63e97bed-a8f5-4751-9b3b-a653e947588a,dolor dolor ut aliquip elit adipiscing et commodo,C
4d5f288e-79bd-40fc-a374-db2da1c8d273,fd3e0fda-a55c-45b1-b54e-23a9398c3f4a,aliquip exercitation magna dolor veniam ut laboris laboris,C
f3313beb-993e-45e7-aee4-11720f8a4a7c,88073a84-1e00-4f31-8308-38ff3f53d913,elit nisi consectetur ut ipsum sit ad et,C
2b8909dc-7bc3-4c8f-ad42-5dd125485983,b754a0d9-51ee-4890-a69d-1e224840a1a8,do lorem magna do sed commodo dolore tempor,C
fe770c3f-68d4-4d29-bc28-2bd141310622,cc2f502c-dac3-43e5-81c2-54e1fa2dc610,dolore sit sed exercitation ea elit amet ut,C
8009fe8c-1f85-4080-bd63-14ef312be023,2d16c6ae-865a-4348-a802-467039f23148,ut nisi ipsum sit ut nostrud ullamco adipiscing,C
476d9278-0677-41cb-ab29-45f1e28e14d1,11fefb33-f472-45cc-a504-86b1a3799fe1,consequat enim quis ea aliqua nisi ex ullamco,C
fd81f306-dee2-44c8-8874-addd2adb5707,1b7612c3-ae82-46fe-9a1e-3a3d986d1c87,nostrud exercitation adipiscing enim ullamco enim dolore veniam,C
1cf622a1-97bf-4d72-b320-6b83ba0aa533,2049fcca-84c6-449e-9ee4-d61ee694bce3,consequat sit consequat consequat ad elit exercitation minim,C
ecf4d2bc-a44f-4036-9a0d-9529b45beabf,d7cbf52b-012d-4da0-b1dd-a3d7810d784f,labore adipiscing minim consequat veniam elit magna labore,C
29e4c34b-7404-46db-924a-79d9e82b9b89,41dbf704-ece9-4027-b141-6469ec6bc161,magna ut ad minim lorem tempor do nostrud,C
6050d6a1-84d9-4cf5-be82-bf391c0b1f9e,f41e0a01-aa4b-46ed-80ac-34cd3a2393ac,ad eiusmod veniam ut enim consectetur sit do,C
dc108bac-f945-4e58-9907-190d3f6c83aa,648a5fda-e198-48c2-8426-03287fb131ee,magna ut ex elit minim ullamco elit aliqua,C
c0e8b0e5-cae3-4785-92be-9e1073a39318,39748edf-0af9-4bfe-ae19-ceaa80a08396,ut ut sed dolore aliqua enim elit lorem,C
bc479108-a0f4-4eb3-b6cb-dcd1ec31d739,c4520e6b-2536-4368-8916-bd3d08f95c35,dolor ullamco ipsum nisi amet enim ullamco nostrud,C
8586835a-75cb-4b84-a21f-b8a5d55b4275,aef54b3d-9f35-4ec8-95d7-751948c41fca,ullamco adipiscing et ullamco nostrud ea consectetur nostrud,C
7b1c15d3-d8d4-4ff2-ae03-b903f65bb36e,040f760c-295b-49b7-b566-c5c4530c30c9,minim do et adipiscing do dolore incididunt tempor,C
303bef73-2408-4580-a0b7-31597f4d2839,7d6dba6a-399e-451a-90dd-43519ba7ee22,do laboris amet ut laboris ut magna sit,C
d18814e4-ecc8-4cc9-9fb3-58eb0244140d,6aa5749e-7877-4df2-a82a-bd13dd96f664,amet consectetur ex quis nisi consequat dolor laboris,C
76ab8543-8651-485c-9470-d446a94ea7f7,6cf84c5b-a3c6-4581-ae52-982fbf41cfc1,ad consectetur ex tempor dolor et laboris laboris,C
ead56894-996f-4b1a-a46f-d24a958808e8,63741f38-2d6f-4541-9165-1974709b349d,sit ad amet ad adipiscing consequat quis aliqua,C
d5945481-54d8-43e1-9d89-62b7b37842ec,2224f1ca-74c8-4957-905a-0592101e9930,sed consectetur ut consequat quis ad sed ea,C
a54eb95c-8e3c-4ae1-bf2a-bf875f6086d1,ceb8892b-fca4-43f5-a772-3f4c3073a1b4,aliquip incididunt labore sed do amet aliqua adipiscing,C
49274c4e-d553-4809-aebe-f55368d1a901,380cde20-9270-436e-8408-53ceba32064b,eiusmod tempor eiusmod laboris dolor exercitation veniam et,C
85000d70-5e6b-4232-adab-3c3239b8106e,b6b85830-a28e-4e25-aa60-98a7ae6d083c,veniam laboris nisi aliqua quis ex ea exercitation,C
c673e11f-682c-4be3-8eeb-1dd9a34901f0,dbc79610-f4bf-42ea-a8db-58cff35e0afb,elit aliqua consectetur eiusmod magna laboris ex do,C
0afc6d21-2644-4d9e-a34d-cbcdb9c189c8,23004dc8-c2cb-4ab5-bdc2-de6485ae19c5,veniam et quis consectetur veniam labore ipsum enim,C
44ecea66-1f6f-488d-8beb-0d6784c24f45,e5f4995a-7c9a-4942-b03c-a18efda520aa,lorem consectetur ipsum dolore ut do consequat ea,C
808229da-9ec1-4e83-b778-918555e67691,8d39c024-6842-4f70-8264-dacc45af9382,amet elit aliquip commodo ipsum ex et do,C
89e29bb9-5432-433e-bdee-2d73520e1b5e,33edd6f0-11e0-4bf6-926b-0222757fc9a8,ea veniam amet ea commodo ex ex consequat,C
5ce24e4f-94d3-42b2-8213-bbaa0c85ca11,042abc4e-f021-4d95-9f7d-65e847f372cc,amet minim et adipiscing ad sed dolor minim,C
6d0a4007-9b88-4a45-b47b-83064b876bcc,87a77cd3-e9b3-4bb7-9557-42af88ef74d5,dolor aliqua incididunt dolor incididunt dolor enim ut,C
e235b93c-e098-4c76-9dfa-310b422c82a5,6c8d027b-4738-4ac7-a901-2a6cc3d120a5,ad magna elit veniam ullamco nostrud laboris quis,C
55a8b54a-139d-43e6-8c20-ebbdfebf1ece,7990c561-e50c-413a-a3b9-41d8d9e33790,ullamco tempor commodo aliqua enim adipiscing consectetur enim,C
d02eb7d1-0bb0-40c8-952f-683d1a1842b1,7dccdc8e-6c7b-4dfb-a5f8-99f4eb5582a3,dolor minim ullamco magna sit amet nostrud veniam,C
9842047c-d4ae-4c65-9833-ff87d1f6f371,89ccaf04-63d6-473a-b986-16d46e8fe5a2,veniam veniam quis dolor do laboris veniam veniam,C
c8756931-f333-40dd-9317-ea07f7567a06,c3c0c39e-f1c9-4bc2-83be-7cf4b2d548d1,elit ipsum tempor aliquip ea quis consequat elit,C
059be1ae-7c79-464f-bef7-0c3325ac547e,1816c3b3-762f-46c1-81bc-78b0744bf479,amet laboris tempor laboris consectetur enim minim amet,C
5977377e-2a75-4707-b60d-08fa758a702d,1d4bb54a-0f3a-4c52-a457-71e3de2ac0f5,sed et aliquip ipsum veniam consequat veniam nisi,C
92ca3e1f-24ae-45c7-b639-8a2b9ea910e9,aa8238b8-fecb-4ce1-b0cd-5c24b384b925,amet sed enim amet laboris nisi ea minim,C
e6342717-f72a-4e9a-baee-aca3bc6c2962,0a138de0-6309-49fe-85b9-996db1362029,do ut eiusmod eiusmod enim labore minim ea,C
4b726fc4-eebc-456a-93fe-3fdfd017af25,0ec5683d-efa1-48e5-a4db-7a3e113fdd96,consectetur ex eiusmod do eiusmod ad dolor ipsum,C
02df2955-416a-4b8e-be14-4a61e694a32a,3ba3fc34-007b-4812-aace-1654ecbbb1c3,commodo aliqua ut ut et nostrud ut nisi,C
acd0f275-9ed1-4110-bcae-ec4e96246bea,63ae8cd8-d252-4b38-868b-c23420809932,enim enim minim nostrud sed veniam ex consequat,C
2a625296-9b01-4c0a-8055-a70319973eb6,157bead8-d7a4-45fa-9758-3feffe5e63c0,sit aliqua quis exercitation et eiusmod enim enim,C
75da603c-312d-4856-933d-6a84ee5f9b89,961595ff-d126-49a6-8ba7-492d22fc59d8,nostrud ex nisi et ut minim sit sit,C
9b4f3ca4-4300-487a-b114-86676ced9d03,7169fe83-9565-4eb8-bb6d-0abfbf557b19,dolore veniam nostrud veniam dolor nostrud sit consequat,C
8f9331fa-44d7-4a07-9637-9680aaff82e2,592de029-6c7b-4f0e-adef-d39f4cc3276b,sed adipiscing nostrud veniam ad consequat veniam do,C
f8ac3a47-2130-4d75-abf9-7ffb47a3297d,114664c5-d740-4e53-8a41-963e377f7e1f,ut ea nisi do ex sed enim enim,C
7ac012a9-3483-49b1-b244-8b198e1915cb,243583ca-065e-4dba-a172-6618bf6dbad4,ipsum veniam ad elit exercitation ut ipsum ut,C
9284f45e-012b-4299-9448-d474044d0332,826d4c09-8bec-4090-be37-b376556c5066,quis do et dolor elit incididunt ipsum laboris,C
e3ef2acd-2e71-49c1-9dce-888b25ca3f0c,3379d2bb-f981-402f-a6db-1e816c7bc029,ea ut consequat enim ut ea quis enim,C
07204059-17e4-4cba-b6eb-d1d0dc973e33,3983f6bb-d701-4315-b1ba-39112643f44d,magna consequat ut labore ut aliqua ut aliquip,C
990770e0-2335-4845-8c4e-2ce751fe8936,c9b3f2f3-b63d-4e36-a87a-1c7d9bf092ff,minim do aliqua dolor aliqua consectetur minim laboris,C
a15bbd13-f3c4-4b40-941d-da3b0239e2a5,5c347ebb-1498-4bbc-ba0e-6de94765f0eb,et et sit ea labore labore sit adipiscing,C
74a9f9f0-c8d0-4c52-a04c-b0339b40ec60,72b9233a-8599-4343-b20b-b04f11f2eaf8,ut incididunt aliqua enim aliqua sit consectetur labore,C
da693715-10ca-43bd-be35-e0b76e5a0b11,969f2277-48fb-4098-bf1c-37b99e7f2dac,dolor lorem ut adipiscing ad aliqua nisi commodo,C
d073469f-2301-4e2a-8a12-7283a74be1f0,70d5194f-de24-4c1b-b483-1029a91ebde7,nisi dolore tempor lorem ad aliqua incididunt tempor,C
c5156d83-bfd0-46d0-81e0-ce139d6be6c5,39de6212-1b26-4f41-931d-4a83509dedc5,ut enim et lorem dolore quis et laboris,C
614f2ca0-e7a2-4819-8d53-8c20555be9da,4b8cab89-aece-43c0-8fd3-52d1adea65f6,sit elit nisi ut eiusmod nostrud ex ut,C
91c3a430-3231-4ba2-a893-bd13c9feccd5,e1c4d3c3-a3fb-45d5-a381-ab59cc1e0aac,veniam exercitation consequat ut commodo ut et consectetur,C
71ae9944-4b3d-4e3d-98e7-10f4a2ef7ff0,a4558def-60d5-4724-a13f-0ae438e4aeee,commodo do eiusmod enim ea laboris elit ut,C
b16bfd9e-4086-408a-be58-7914f0389c71,bac3710b-eebe-43ce-91aa-443b84a4006a,sit consequat nisi ut ipsum nostrud dolore lorem,C
0788a720-18b3-4321-80b6-953a8547cc0b,6342dc63-7f22-4f16-ad09-6d8237f5e42d,dolor aliqua exercitation tempor sed exercitation veniam quis,C
9d42aa31-d51d-4cf9-8378-f5f17d522ef1,ab2a2abe-0874-4c71-a47d-ab4eee27665a,commodo nostrud ea sed labore lorem ipsum ut,C
087fc301-15bf-4283-9f69-1bb898e60847,12aed788-2a65-4ad5-8746-e4809f9927a3,magna incididunt elit dolor exercitation ipsum et ut,C
8c63ad3f-ec8d-4f0e-a22c-37f735f7b19e,6ca853d6-1559-464a-8055-79340dbae2d9,laboris labore commodo ut sit sed ex aliqua,C
fa1c049a-94ca-4cf2-bdeb-1066db6c3927,6b69d28d-3767-4bd0-80bd-db394e74afc4,labore exercitation ut magna sit consequat tempor ullamco,C
12b2c548-0838-4348-8380-b20fd509562c,9243f726-6939-496a-9cbe-1d8239143bb2,do ut quis tempor commodo ut et labore,C
25991bf1-7caa-405b-80b9-a9210d3e7d6a,3fef09cd-aca3-45f1-9527-cfe224e9716e,dolore ut ad consectetur laboris veniam consectetur commodo,C
d16599a6-8605-457d-936a-3778791a1642,3009456a-1797-4a1b-ae61-f505166aa3e5,dolore ut ad consectetur laboris veniam consectetur commodo,C
735078c0-9508-4680-9f3c-086d26cc9af2,59ddc7b9-9585-46c3-bff5-83508052a5ab,consequat ut ut ut ad ut lorem ut,C
c29e0853-1eff-41ea-a7fc-a5f2ccfb7e12,fe6d2aed-3c10-4f5d-864d-f799a7ef8bd3,enim aliqua quis nisi commodo minim ut dolore,C
2e0dbcfa-498a-432d-b0a1-3652b2053f08,b7e8b42b-8e20-43e6-9b60-a4860ff15ad4,exercitation dolor labore do ipsum dolore consequat exercitation,C
7677cf32-2e6b-444f-a863-ba0a84e49fda,54eacdea-f07a-4a7e-95ff-25ef895b134a,ad dolore aliquip aliquip nisi eiusmod minim eiusmod,C
a931aaf6-cbb2-43e8-8df9-e2855d48e56c,1f52eaf7-4ca1-46ae-9e4f-5a272904cd58,lorem exercitation sed labore amet do lorem ut,C
4c660e05-00dc-47f1-b54b-58af721709ae,db865062-6f26-47d1-a108-3743c21aaecc,commodo consequat exercitation lorem ipsum ea magna commodo,C
54dddcaf-9b56-429f-b34c-b69915339a54,1371776b-e038-4805-af0d-5555116b86fa,commodo consequat exercitation lorem ipsum ea magna commodo,C
2e75611e-e3a5-4cbc-aee4-473f5e9464e4,55cb4734-2fc2-45e7-a40f-6694710f6b06,ea dolore minim magna nostrud consectetur veniam nostrud,C
aa023d77-914b-431e-868e-6f253524b2d4,b8b733fe-a260-4498-9c75-578ad5a1445b,quis consequat ut sit lorem eiusmod consectetur aliquip,C
5aa5216f-6155-4f02-ae60-45fdefe382c7,a9f62c90-0c85-44dc-b5a5-f418f9b5c1bc,dolor amet magna commodo dolor tempor enim ipsum,C
a2c638b7-cbf8-4aae-a377-935fe0ad0935,8b79552b-9a92-4488-af4d-8f7c7e27abf6,ad quis sed consectetur ex minim sit adipiscing,C
fdc57703-4ab1-42ed-b48d-5fa8b0543f5a,74e9ce88-32ad-4465-82cb-624bc2079177,magna laboris aliquip labore minim consequat quis ullamco,C
5580182c-c0bc-4784-9892-e6c603b50a3d,913125d0-5d8d-468d-ad01-b450b15be2ef,magna laboris aliquip labore minim consequat quis ullamco,C
88f31ef1-ebbf-4b1f-bc7c-c9a3a4477e2c,3202ca34-0982-460d-bde3-edc12ebbd582,magna do quis do quis enim veniam adipiscing,C
4df7db65-6861-44c2-9a5d-98b7e40e2370,f8de12ed-109f-4c27-8c6e-9a207fb0d028,ullamco laboris consequat consequat ex exercitation adipiscing ipsum,C
636a6c94-20df-4872-a1b1-56bcc4fbf2d1,353aa833-a53b-44f2-a0c6-5bd9facc37ef,exercitation quis consectetur consequat et ea eiusmod quis,C
389a6cd6-a6f5-4dfc-a82a-08c5fa0c6d31,ce247125-741d-424b-8ab0-f4992a2bb4a3,magna exercitation ut ut amet veniam dolore et,C
cfb8a3be-caa3-4a98-9356-aea0329e0c06,f317747f-1264-4154-9118-07961ac6c02c,ad quis ad laboris ad ullamco sed ut,C
2e297fcd-6210-4054-82b7-5b85784e1732,46abf185-bebb-42d6-8995-c48b05b22fde,et enim quis magna nostrud veniam elit incididunt,C
2c93edc5-e703-4d5a-a22d-1af6081803f9,47431c52-9806-4b70-b265-a147e6f8e466,exercitation aliquip sed ut et dolore do ullamco,C
e4a3736d-cccc-488e-a5d0-89e48ba4eb5f,8acd5dfe-2091-4e92-9ae3-1a50181f564b,commodo consectetur adipiscing et minim eiusmod dolor nostrud,C
c73743b7-d897-4270-9166-50be1715bee7,eb6a1127-657a-4b11-be59-b2a3bb3f9ec3,nostrud nisi ex do minim ipsum ut adipiscing,C
26c527e1-77c5-43d8-bc86-4db5a528ab52,10e6d0d7-789c-4569-9890-6a4cfce94f0f,ut ea ut minim ut adipiscing laboris laboris,C
d107d1c4-45c3-42fb-9bf3-c647f48d9b53,1568a491-c469-471c-9a25-556972ac4e4d,et ea tempor consequat eiusmod ad consequat ullamco,C
d224e0c2-9cbe-4ec7-ba67-450c3c14c777,f3341b63-2d6c-4b20-b5f2-34f883eaaf47,ullamco quis lorem ut ut magna amet adipiscing,C
7030b780-ec74-459a-95d0-d0e4c8825722,c82ba2c0-2431-49d2-be8c-d5b0d97e606a,enim quis nostrud elit minim minim nisi tempor,C
e1cc74ed-b18c-465f-b089-20ca8b827726,de9ecd1c-9c83-4107-817e-da0890a06832,elit tempor veniam do ex quis exercitation sed,C
04284d41-cf7c-4cb1-af68-5649f6b77ea9,2656cc02-65ab-416c-b97d-5cd4c859ffe6,elit tempor veniam do ex quis exercitation sed,C
4479fc19-eea9-4957-a6c7-a4456a1e1d31,c47a39d5-1116-4f00-b822-f5df3aee37d6,sed tempor enim laboris sit minim lorem aliquip,C
6329b6e9-c88e-42a6-ae05-cb719f808c51,f8466b6f-cc4c-4904-877d-df0f9c340717,aliquip eiusmod consectetur ipsum labore aliqua dolor magna,C
c5872c5b-e2cc-4482-b187-fd821107ec0f,21202444-c909-44dc-8ac0-a4025ca6cc30,elit magna commodo veniam commodo dolor laboris commodo,C
e7b8efa6-ccb4-4bae-b1fd-dc0f5d677d0c,a70ef168-7527-492a-b81c-14d8395f59ef,laboris elit et ut minim ullamco eiusmod sed,C
8826b88f-ac44-4f02-b713-adf28788b072,4dc177b7-1336-43e1-ad3a-4b6d480e77d4,aliqua magna ex adipiscing sed exercitation sit magna,C
39b2fe2e-2d37-4a0e-9e96-f33423454bfc,33de531e-6af8-4d89-b633-29af99f161ac,magna exercitation quis laboris amet consectetur nostrud ex,C
193e26b4-6442-458c-adf7-22890f428d0b,8a14b45d-c4ab-4bc3-94da-93ce8e9d15b6,amet commodo nostrud ut ullamco ut aliquip magna,C
8e71bcaf-f9fa-4584-b825-e30c3e691d87,8ff96309-aad8-4de4-89f8-928096dfd733,dolor adipiscing nisi ipsum elit eiusmod laboris nisi,C
629bcb1c-d3e1-4d5d-8ada-3bb7a5e32551,e1d0dd2c-f747-42dc-9a67-6c6c9f547562,dolore consectetur veniam eiusmod sit nostrud ut labore,C
de3ee97e-48be-4534-9102-c1ca5f114534,b9ac8f12-679b-4cda-9fe2-5c44143525e5,dolore consectetur veniam eiusmod sit nostrud ut labore,C
dcad862e-03f4-4298-ba41-f8efb4a60c37,af4d43a0-6b09-4bc3-9c9b-5a5aa4e458e5,laboris lorem lorem ad elit ullamco sed ut,C
965209d8-d0b0-4a51-96e4-f05fadaa0067,d09ce3f6-6b59-48a6-b455-5e878ae0be02,sed quis sed do amet ea lorem eiusmod,C
c9a9657d-d2b9-4dbf-acd4-4211f5e05642,652c0ef7-d66a-409d-a129-5215a3336735,sed elit quis minim ullamco enim sed et,C
faf64f83-d046-431c-bdbd-ebea4456d81a,035b317c-6162-4b8f-b470-02d5cc30d193,ut ea ex incididunt nostrud aliqua sit et,C
e1073e22-49c2-4ece-94b0-f6dd232fb226,67d4b6ba-0e96-4d3e-896f-9f9dca9d3f3d,sed quis exercitation veniam commodo tempor ut amet,C
83e95709-0368-4818-a006-e687f6ed6bad,318d984e-3074-4edc-9f02-09aa9de904dc,aliqua ex exercitation ullamco nostrud consectetur commodo commodo,C
8dbf4bd4-76dc-4970-8265-4677b26ea74c,9d4c3b60-987e-4109-8984-188297eef4d5,enim nostrud amet ut ullamco et sit et,C
0d55985d-a9f8-4b0f-a77a-e40687960491,ca9524b2-c5c5-4005-b499-0576ed316792,lorem sed lorem eiusmod aliquip minim ea ea,C
273611ca-d4d5-4ad7-9e08-80d6ba00610c,1da90a05-a51f-4da7-92dd-38c42974a8d3,magna ea amet dolore amet aliquip nisi ex,C
5f56f975-9c05-44df-a33f-b154aee6d2d7,8bbb3f5a-9844-4743-a7cc-24782fb99e29,elit labore ex lorem dolor lorem et dolor,C
4016dcbc-ddfe-48fa-9cdb-be4133171e02,d13076cd-7380-4666-9711-3ba4547c4f26,et exercitation enim magna amet veniam elit ex,C
46e62475-51f7-4b78-a100-f17c80c10447,27c65d28-e98a-4d49-b6cb-34a91597640d,enim consectetur consequat nisi lorem veniam incididunt aliqua,C
027d8048-2bdf-4593-8ed1-a56e3987003d,6d18e41f-9380-4aa1-8a49-d6f5bd2e7877,et do lorem exercitation ipsum labore commodo minim,C
fd5695bc-2ac0-4d12-a39a-3eeee14f12af,b4c972df-e6a6-4322-809e-9af1154c29df,aliquip sit do magna consectetur dolor labore ea,C
a2a83ded-2fa6-44a5-9743-5f00312b1a79,2dc9be02-69b2-4da0-9aff-f64724293e54,sit ullamco sed et aliqua dolore enim nostrud,C
ed61834b-b5c9-4c0b-9f85-fdbbe513a912,19198023-31c9-48f3-a381-78d912f3f436,adipiscing eiusmod laboris nisi enim exercitation elit commodo,C
3c3502a2-9893-450f-a4c7-8de13b528f2e,4b6bf802-1776-4f51-acc7-a974cd176460,dolor ut enim do consectetur et minim nostrud,C
135bd770-3f63-4897-9a14-dbc427d581a2,ab3a1889-106d-4314-81bb-f09a6c3ba995,nisi adipiscing sed elit lorem sit labore sed,C
07bc0c1d-d56d-4029-bbf1-ddd5eb3c926b,32d278f9-4583-49c5-a26a-dca4ad21e61f,incididunt laboris sed consectetur ad elit dolor nisi,C
baff4a10-8d0e-4ae6-9d1c-31354bdd16b2,cf12f4e4-7f81-4e3a-8ed0-4be608512283,tempor minim ut tempor magna magna laboris do,C
3c66bee7-c547-42d0-941a-d0e4d3d76efb,1cca2f6a-cedb-4919-8892-0c285e0facca,consectetur magna quis sed exercitation incididunt ea et,C
de209504-a88e-4083-b42b-f87ec43845ec,836ba95c-4fa9-4405-8f74-dff442e14af6,magna tempor ipsum enim labore ipsum magna sit,C
860dcc99-e52f-4788-b357-8d9cf74d0d0b,be35eff7-9420-469b-b941-20956516fb5d,commodo sit labore quis minim tempor tempor et,C
e03401f3-b253-4da5-a0bb-3b63babbda00,79ca4dd7-61e5-42a6-ab84-be567d185505,commodo sit labore quis minim tempor tempor et,C
e917bf43-f150-4ece-ac26-8118335a6236,8a82be16-d163-4861-bf5e-d7b23589efb3,commodo ut tempor aliquip dolor consectetur sit labore,C
8989647c-d8b3-4d13-b2b7-2872625d2142,3213acd0-6266-4e44-9464-1836d36afd1b,tempor enim sit ipsum do do elit ea,C
9ddcf836-1e33-4080-a341-0acb3a9a73bd,eed4a589-2662-4a9c-b813-a941e33846a0,eiusmod ullamco aliquip enim tempor consequat minim labore,C
e508f30c-38ee-4f7c-b5b3-e7806e9cb2a6,21efed44-9b00-41fc-966d-28f5dc8bdcac,nostrud dolor tempor enim labore adipiscing aliquip do,C
d65b06dd-7e06-4356-aeeb-a7adc3f2b06d,9dac8e9d-f1f7-4a6f-9f06-8c275250b496,dolore ut et amet minim dolore adipiscing lorem,C
2d2a0724-5741-4546-b091-195597b09574,8e0b8998-6b24-49d1-9a26-c6f1ca1e4756,quis adipiscing ut labore eiusmod laboris amet dolor,C
060114a5-51a8-4b01-93b4-e8560515db04,f0dd15f3-4502-4fea-b023-e9d94e49241a,amet consequat consectetur ad ut ipsum ullamco eiusmod,C
6dbd5e26-6b7a-4664-9622-e811caacc108,bdba2385-34b2-46e6-b18c-dfbf814ddf33,commodo dolore aliqua ut et adipiscing sit nostrud,C
727f5257-f5ee-49b1-8ea1-6e1d15edaa93,85de8837-b9a8-4a56-a9d7-cdebbf2a69f1,ut incididunt adipiscing ipsum ut eiusmod aliqua consectetur,C
cdf8fcb4-9e85-4204-b477-2a5843009139,bac53f82-8141-4cd4-b0d7-54e4953535fd,veniam quis veniam tempor laboris dolor dolore laboris,C
e4068564-cc6c-48f0-9f21-ec677fe96526,b2e866e4-3469-4692-9134-de07e1a00de4,commodo exercitation labore consequat sit quis ea exercitation,C
