InspectionId,SiteId,InspectionDate,Result
29f84449-9863-4e4f-8bdb-f38b83f4cf08,6cba7397-c171-4657-850d-249cf2dbef68,2024-02-02,Complete
e44f24df-8925-4c96-af42-6a04538d90da,818a272a-e583-45b1-9431-d1505478a61a,2024-02-02,Complete
17f58a3f-1339-4c7f-9ea9-5fc2d4b82d78,338ea4ff-5f99-43d1-ab21-a2058b2a794e,2024-12-14,Complete
65dd18ed-ad3a-464e-83b4-897d1cafaab6,cf96af23-2e9b-498a-83b3-e227880f6c98,2024-03-21,Complete
3d5ec63f-f541-4692-9faf-00a3ceed8da8,37a04b93-a8e2-4002-b1d2-527a66097618,2024-12-29,Complete
b7c37de9-8aa2-4b8f-ad05-b4f45e179c1c,ce189e32-ff70-419a-9250-0c5c5cd49567,2024-11-19,Complete
3448524d-a810-4ca2-aa4e-c57cdf866104,ad960e20-bbb6-48d0-8696-febf42319268,2025-08-20,Complete
0823c867-78b3-4941-ab66-5e1bf7325184,c065f299-76e3-44d0-a6bf-399f6a408c20,2025-06-25,Complete
adee6a5e-3ca3-4208-b36b-37a42bee098f,753966d4-c2cc-4ef7-ba6d-5f6444c2c33f,2024-11-01,Complete
2b5da499-251c-42bd-99e7-d398d679d802,f3023bdb-98ec-4ffd-8895-8a028b7667d3,2024-09-03,Complete
08ff791c-d747-4400-b02f-eee0198fcb2e,7b556c72-365d-41f0-94c1-ea72a6a1bb1c,2025-02-12,Complete
13eec09b-0b61-41bc-82fc-ba8683904d06,817168af-7ca0-4b74-bf54-b714673214bb,2024-03-01,Complete
75ab190d-f9ca-4662-b452-381a9b252a6b,ea8cdbe1-c647-4437-8abf-ff94486340c6,2025-04-29,Complete
15e34217-76c6-4b15-a057-a3d193f04b81,b0cde26b-7deb-4645-95de-49fdfbd6b9c8,2024-07-13,Complete
004d74ba-84d5-4e84-81d4-7d4ed9041dd2,5fbb9fbe-a9b6-46be-ad54-830a3317927f,2024-06-19,Complete
c30cd4ce-1438-4523-9ec6-844dad823587,7e9f7785-7d09-47d0-bb24-d43e15d0b26d,2024-07-13,Complete
c63b7f86-8030-4989-a0a6-69fd02dcd7f2,fe145449-8be2-44a1-9730-1157661208f3,2024-03-11,Complete
2d6a5888-887e-457f-97a2-b3cb7f1dc673,282d1300-64fa-40c3-9364-8d4a5c432233,2025-02-09,Complete
3bb904fc-6a5b-44c3-9320-5942521ae3dd,ce15953a-38b0-41d4-b737-70743f459005,2025-01-13,Complete
e1ec796a-3d32-483e-94c8-90170d8dbe96,560dc5a4-82a0-4a54-ab36-81af3618d814,2024-10-15,Complete
2b0c685f-f8d5-4bbb-ba97-5fdd451a9474,e57a79b3-39af-4845-bef0-1cfcb453c7dd,2025-03-28,Complete
9408af44-4b5d-4cfd-b118-7e5df6033f37,a0980449-a804-4df5-a8e7-c0973358d071,2025-01-08,Complete
e57a0dbb-b080-4a0b-8d91-cae17e6ff5f8,2f865260-e8dc-4895-943b-44667e95f27a,2025-02-25,Complete
f1294a02-4e86-4a8d-aafb-1897c54c3e2f,9d9c87bf-1f28-4c92-9d40-e9667b91faa0,2024-12-02,Complete
1ddf8907-6aab-4f87-a7ee-b807e8f60c7e,e5d6545c-15c5-4969-8fad-a2d4e69ebd41,2024-12-02,Complete
e5b692cc-3979-4af2-a33f-2925bdca2294,bfd9af2b-be35-4cf2-a2c4-e8d4dca7531b,2024-12-19,Complete
7a5bdf3a-66fa-45cf-8b54-c06eb37d3c2b,2fdf9407-804a-4d07-9cde-8e08b78f3fec,2024-12-04,Complete
0263de4d-6f86-4491-b64e-5858e1176a19,116b802c-3033-4808-9e4c-69263d7afe56,2025-07-15,Complete
c4e520ac-225d-44bc-8faf-105cb2bd071b,edd21fef-bc70-4626-bcc9-d2371d233f7c,2024-04-05,Complete
9bcbff86-3abb-406a-97dc-13d8cb090463,b64da089-b55c-4e87-baef-55cd77355c11,2025-02-13,Complete
ff8d70dc-ed99-4dc2-a9c5-ed2863263b15,c80abcfe-e83a-47bb-af5a-428e63a16d58,2025-03-29,Complete
de311ec2-84ea-46e7-84e9-d782c6781eb0,3e38a5eb-c3a8-4e20-ad42-98e52b63405e,2024-10-19,Complete
b6ff8d78-6216-4719-bb44-eb54b51cd39f,15a062cd-881d-4270-872d-c221d84ea76b,2025-03-01,Complete
df783237-dada-433e-834f-e2076eeccd74,d198aebd-42e2-4177-adbd-f492bb5bd250,2024-08-12,Complete
ce0002c8-ef51-4846-a73e-5edb7c2b013c,3c92f962-373e-4cc2-b4ce-73d1ba658c9b,2025-03-14,Complete
c51b6892-b0b4-4919-a2de-d8fb9d7e2dd2,6ffdbc08-2c48-474f-9a84-9bc8203ecaa9,2024-01-20,Complete
50b7183d-9e86-4d39-81a1-48bf5ece9960,c9121baa-c989-4eea-93d1-cfb95c2a7554,2025-04-21,Complete
028f1b60-3381-4c27-9a78-1ca3e35ed085,921aee02-3703-4a03-bae1-dd35fb48be34,2024-11-04,Complete
a526b759-f9df-4027-af3c-b7e5de511253,3164db58-e716-4d31-bd56-9c1a2f5ba759,2025-03-21,Complete
acf5b953-81c0-48f3-b744-e9dfb3545cc6,8a814ea7-a6ab-488f-b57f-02061ef651e7,2024-01-30,Complete
c01cf029-f992-4fb0-bf85-26dd0673873f,43ef74b1-9fde-4f64-ac71-43f0377e8c60,2025-02-20,Complete
6ebe5ad7-361b-478c-921a-d63a74c4183f,b39fd0e4-ea17-4032-9f16-3d26d9395d85,2025-03-11,Complete
3334efc1-8d08-45f5-bd23-ec3fa1aa60ab,ecb10de5-bb14-4ebe-bdd7-b7d9e7345c3a,2025-05-10,Complete
56a419a7-a411-43cc-947f-1b8a98e5372e,03967321-545b-4251-88ef-d5c94dcac68c,2024-05-09,Complete
7db3d6c9-6eb9-4e04-9b03-6fee84b54eb9,cc6adea3-dcc3-46a0-b660-20cc2fad3ad8,2025-08-13,Complete
8c65d9a0-5b26-438e-9d70-2ead1a5dc013,4ee85663-4fbe-4e6c-81a4-6069e56a04ee,2024-10-31,Complete
5f5ac136-2696-48aa-bd68-bb5738f2ed78,dc9cb7ad-1f77-4fea-a82b-9ea68a9f2281,2025-08-31,Complete
dacfa0ac-a027-4c2d-a96c-fffb8ae4de2c,dab8b37f-8e4e-4039-89da-04b7d7a4a96c,2024-09-29,Complete
e1847c8a-f430-43d7-a4d5-8068fa9c59a8,528fa987-3f02-4ad7-9ee6-929ca3db87c9,2024-02-10,Complete
67cdc7e7-eb26-4f5b-8fec-03a58e9bb02b,6a71dc30-202b-4eed-bfa6-65f41b858565,2025-05-18,Complete
c35cf2dd-4dac-4616-97e7-67b7d5f07ffd,cee884d9-0427-4b24-bf81-23aced72fc2c,2024-03-31,Complete
4f22bd43-280b-4c9d-9cfa-7663d47ff0b2,b80e51d7-0978-4d5f-ab0e-c96ef53742e0,,Needs Review
0b216dc2-e9e6-4bcd-8422-525823a79c72,b4b24d64-aaf3-4b42-9adf-08c86d99fa66,2024-08-18,Complete
defec51d-55d7-4ab3-a31e-4791e77bdc3d,2394cd36-3f12-4558-a325-9170eea003cd,2025-06-04,Complete
7c69e764-a75a-4c4f-921f-1182595a362f,c7546429-4358-4ec6-82fb-df65e713b6fe,2024-12-19,Complete
c4645f2a-9222-4aea-a8dd-9584ec0dd8ba,378df7da-843a-432d-b0aa-02f389a396d8,2024-06-04,Complete
6ba4c99c-0a67-4023-9b99-f66f9b866be2,282ba953-1794-45ec-81ba-a1dab276680b,2024-12-12,Complete
2aab02c3-1893-44b8-ac5f-88fa3191086c,1a126cd0-de9d-46a7-a7b0-11d4a1c04086,2024-04-10,Complete
ffebac4d-35cc-4264-ac47-c10728d8e752,30435f74-a865-49eb-8a6e-9eeb425c8a67,2024-06-23,Complete
30f62081-0031-4a47-a601-f5d12b40a413,3c2f470b-99ee-4c07-bee9-e548160306f0,2025-03-28,Complete
bbb56f0a-eff1-4b15-8b58-5cdc70930515,b403253c-824e-402a-b704-51cf90cfbc0e,2024-01-23,Complete
5dcea8b6-4850-4165-b0a9-67806a6ec86e,6f6a3063-79b9-4f7a-9a87-63170bf01ee6,2025-03-27,Complete
6f105340-acb4-45d0-9013-49698fdc0922,32a254f2-0c2a-4859-ac21-3e9b2dc0c22c,2025-05-08,Complete
b723532d-c53d-4f66-89f6-e2e8c85e2289,aecdeec8-0866-4fef-9536-1e544717600e,2025-01-12,Complete
528511f6-dd8e-4739-8022-b5b2124f8283,63e97bed-a8f5-4751-9b3b-a653e947588a,2024-05-23,Complete
c10f9b4d-0639-45c1-9eb1-58283fbcc2ae,fd3e0fda-a55c-45b1-b54e-23a9398c3f4a,2024-04-11,Complete
33a16b4f-ccb2-4145-8a47-031655aca68b,88073a84-1e00-4f31-8308-38ff3f53d913,2024-07-13,Complete
3b273af0-dfb1-4c23-ae20-ab6b4078f95b,b754a0d9-51ee-4890-a69d-1e224840a1a8,2024-12-02,Complete
7edd5d31-0dff-4c7a-8a13-7b17d2fc94b0,cc2f502c-dac3-43e5-81c2-54e1fa2dc610,2024-06-27,Complete
172410dd-c9f7-42ab-b7ab-215b7deee08b,2d16c6ae-865a-4348-a802-467039f23148,2025-06-17,Complete
046f8933-b2e2-409c-a7b0-27e0c9b3f6d2,11fefb33-f472-45cc-a504-86b1a3799fe1,2024-10-08,Complete
168c59c0-2295-4820-8f53-981045d6726e,1b7612c3-ae82-46fe-9a1e-3a3d986d1c87,2025-04-09,Complete
10b66394-a3fe-45e7-a959-ca2472c2f1de,2049fcca-84c6-449e-9ee4-d61ee694bce3,2024-05-13,Complete
792e754c-1907-4487-a6f4-899c90f01f2a,d7cbf52b-012d-4da0-b1dd-a3d7810d784f,2025-05-08,Complete
4bbcc173-2572-47de-a7c1-2f9f3a6a6781,41dbf704-ece9-4027-b141-6469ec6bc161,2024-07-03,Complete
6bf7d481-dff9-40d7-91c1-f083924a70fe,f41e0a01-aa4b-46ed-80ac-34cd3a2393ac,2025-04-09,Complete
96beaa47-7651-4ce7-97ef-3495f788e1ab,648a5fda-e198-48c2-8426-03287fb131ee,2025-02-28,Complete
b4ebf462-ae56-4b07-b540-009f13d3d95b,39748edf-0af9-4bfe-ae19-ceaa80a08396,2024-07-28,Complete
88ebefe7-0351-4565-8c5b-1d6c42ba1536,c4520e6b-2536-4368-8916-bd3d08f95c35,2025-02-10,Complete
fa5bbd62-07f3-425a-a43c-7191fc5d3331,aef54b3d-9f35-4ec8-95d7-751948c41fca,2024-03-31,Complete
04ef3f7d-0e86-4830-ab69-6183be5dce5b,040f760c-295b-49b7-b566-c5c4530c30c9,,Needs Review
94d4e953-f328-4df5-82d3-3429290f1445,7d6dba6a-399e-451a-90dd-43519ba7ee22,2024-11-19,Complete
2a92ee80-c5db-47a3-a09f-716c139c4f9a,6aa5749e-7877-4df2-a82a-bd13dd96f664,2024-10-20,Complete
9c90c5d6-5fa0-47c3-bd73-8def2226e4f0,6cf84c5b-a3c6-4581-ae52-982fbf41cfc1,2024-04-15,Complete
055be2bc-8721-44a8-be37-2c4b2564aad9,63741f38-2d6f-4541-9165-1974709b349d,2024-12-12,Complete
59d13331-2b95-4b55-920e-3dca68fa733d,2224f1ca-74c8-4957-905a-0592101e9930,2025-02-05,Complete
459a349b-3eb3-49fd-abe2-0636f4074aab,ceb8892b-fca4-43f5-a772-3f4c3073a1b4,2024-12-15,Complete
ea237140-a105-430e-b402-35159b3ca2c4,380cde20-9270-436e-8408-53ceba32064b,2024-06-06,Complete
f85603b7-ba40-4ca5-a1b2-8166349bcfee,b6b85830-a28e-4e25-aa60-98a7ae6d083c,2024-07-17,Complete
7eea8a04-ae4b-4ee1-b21c-65341b72fade,dbc79610-f4bf-42ea-a8db-58cff35e0afb,2025-06-12,Complete
31c08980-cb22-41bd-94d2-adc45509fe62,23004dc8-c2cb-4ab5-bdc2-de6485ae19c5,2025-05-29,Complete
446b18f9-b786-4d40-aeb1-eb48358f4a9d,e5f4995a-7c9a-4942-b03c-a18efda520aa,2025-04-04,Complete
9512961e-ece3-4b48-be5b-c7f799867cbd,8d39c024-6842-4f70-8264-dacc45af9382,2025-04-13,Complete
5a5dbf4a-4c7d-45be-b854-cfe433057f39,33edd6f0-11e0-4bf6-926b-0222757fc9a8,2024-03-28,Complete
4c387678-6860-46ec-835e-2119aba1fb6b,042abc4e-f021-4d95-9f7d-65e847f372cc,2024-12-31,Complete
1b3a05c9-c7ca-4f54-be42-2e31dd549770,87a77cd3-e9b3-4bb7-9557-42af88ef74d5,2025-04-13,Complete
7fcde42b-e0d3-419a-833d-2badaa985b2e,6c8d027b-4738-4ac7-a901-2a6cc3d120a5,2024-02-18,Complete
2c719a56-2252-454e-9fe9-f8b5c43b8615,7990c561-e50c-413a-a3b9-41d8d9e33790,2024-03-21,Complete
d7df58f0-eb85-4ad8-91b4-a6651c9f20e3,7dccdc8e-6c7b-4dfb-a5f8-99f4eb5582a3,2025-04-02,Complete
4985e876-8e86-46a7-9bd0-5e70ba232bd9,89ccaf04-63d6-473a-b986-16d46e8fe5a2,2024-08-29,Complete
2cc3490e-efb2-4e93-93e0-8c53b84905fa,c3c0c39e-f1c9-4bc2-83be-7cf4b2d548d1,2024-09-12,Complete
d93564d7-abda-4a5d-af22-1e4207926270,1816c3b3-762f-46c1-81bc-78b0744bf479,2024-05-18,Complete
e5c5cec1-b2bd-4410-82b1-889b15e8bb12,1d4bb54a-0f3a-4c52-a457-71e3de2ac0f5,2024-07-24,Complete
4c63d3b4-4006-4149-861d-81f0b382f757,aa8238b8-fecb-4ce1-b0cd-5c24b384b925,2025-02-23,Complete
e00673fe-72c4-4273-9b87-7b66fb9a3f29,0a138de0-6309-49fe-85b9-996db1362029,2025-06-14,Complete
b00c895d-5924-419a-98a1-ae83be931438,0ec5683d-efa1-48e5-a4db-7a3e113fdd96,2025-06-30,Complete
78fa4684-36c6-4db4-9a7a-51b95bd5559b,3ba3fc34-007b-4812-aace-1654ecbbb1c3,2025-05-24,Complete
342ad2f5-7a82-49fe-8fbd-7db8abae1d0a,63ae8cd8-d252-4b38-868b-c23420809932,2024-05-27,Complete
015da1d5-5665-4671-9d75-c330de332ef6,157bead8-d7a4-45fa-9758-3feffe5e63c0,2024-04-09,Complete
a7e42119-ef22-4da6-9d79-90498f099c57,961595ff-d126-49a6-8ba7-492d22fc59d8,2024-04-02,Complete
9aa38a1a-0cbe-4da7-85e6-570cfb183642,7169fe83-9565-4eb8-bb6d-0abfbf557b19,2024-05-17,Complete
e39d80f8-d3d4-446f-99bc-379910ff9122,592de029-6c7b-4f0e-adef-d39f4cc3276b,2024-05-01,Complete
6814938d-73c5-4511-bee3-c6a09bc22eb1,114664c5-d740-4e53-8a41-963e377f7e1f,2024-12-07,Complete
2113a252-38ca-40a9-8733-40764004ef4c,243583ca-065e-4dba-a172-6618bf6dbad4,2025-05-01,Complete
5b6db25e-a829-4cf4-b242-8e52f84cfd23,826d4c09-8bec-4090-be37-b376556c5066,2025-06-20,Complete
888fcf8d-1553-4e94-aebd-4bb19dd48c06,3379d2bb-f981-402f-a6db-1e816c7bc029,,Needs Review
3f610995-4d3b-4338-9756-08d331cba3aa,3983f6bb-d701-4315-b1ba-39112643f44d,2024-09-09,Complete
367aa834-7283-4590-b649-852d5b19f93e,c9b3f2f3-b63d-4e36-a87a-1c7d9bf092ff,2025-02-08,Complete
07be6031-2fd4-4602-9c34-9e664b167df7,5c347ebb-1498-4bbc-ba0e-6de94765f0eb,2024-04-21,Complete
d72ee8da-1951-46d4-87f4-1a20aec949f3,72b9233a-8599-4343-b20b-b04f11f2eaf8,2025-05-02,Complete
f0639541-8bf8-441b-9cab-f76e081689fd,969f2277-48fb-4098-bf1c-37b99e7f2dac,2024-10-23,Complete
62bb1e92-4f4c-42b7-b4a2-15b514e18972,70d5194f-de24-4c1b-b483-1029a91ebde7,2024-06-15,Complete
767587d6-87b6-4f86-8238-7352a67f48d0,39de6212-1b26-4f41-931d-4a83509dedc5,2024-05-23,Complete
d146b2ec-ef1b-4ec1-8b16-3b629ae02409,4b8cab89-aece-43c0-8fd3-52d1adea65f6,2024-08-29,Complete
2b6b7bed-baa0-433c-b163-71a5d48381d4,e1c4d3c3-a3fb-45d5-a381-ab59cc1e0aac,2025-04-10,Complete
df85bf8d-5873-439c-bc4b-91debfd96980,a4558def-60d5-4724-a13f-0ae438e4aeee,2025-08-09,Complete
4a195c25-e7c4-4fea-a97d-7bb4ec152516,bac3710b-eebe-43ce-91aa-443b84a4006a,2025-04-12,Complete
5f9c90e8-9c2e-4c35-9361-819ca098d84b,6342dc63-7f22-4f16-ad09-6d8237f5e42d,2025-04-28,Complete
735353af-652e-496b-8a6d-16b39ec0b51e,ab2a2abe-0874-4c71-a47d-ab4eee27665a,2024-07-01,Complete
b3da83ea-de98-4eab-a1f8-138a244654cc,12aed788-2a65-4ad5-8746-e4809f9927a3,2024-06-07,Complete
1227b2a5-0a1e-4f27-90f1-390e26ad2f79,6ca853d6-1559-464a-8055-79340dbae2d9,2025-02-15,Complete
f3303641-2424-412d-ac4d-14ed09f8b637,6b69d28d-3767-4bd0-80bd-db394e74afc4,2025-06-17,Complete
39c9c4ec-a5b7-4d35-8e70-2ab66565869f,9243f726-6939-496a-9cbe-1d8239143bb2,2025-02-22,Complete
dbcb0f9c-8b0d-40cd-8ee4-4faba396b6a0,3fef09cd-aca3-45f1-9527-cfe224e9716e,2024-09-05,Complete
d63932b4-2fc3-4e12-b278-64deb6a9096e,3009456a-1797-4a1b-ae61-f505166aa3e5,2024-09-05,Complete
cedc0454-79ed-4a8b-a3df-b0e7960cd822,59ddc7b9-9585-46c3-bff5-83508052a5ab,2024-07-11,Complete
c5fd1edd-45c7-4046-8f07-58ae05eb01b0,fe6d2aed-3c10-4f5d-864d-f799a7ef8bd3,,Needs Review
40a97f05-0b26-4a0c-a68d-277473311f30,b7e8b42b-8e20-43e6-9b60-a4860ff15ad4,2024-11-16,Complete
70c8c359-5f6d-4894-8a4a-ab089292ecfe,54eacdea-f07a-4a7e-95ff-25ef895b134a,2025-07-17,Complete
58c3e1ae-7178-42e1-b24b-e314012a8235,1f52eaf7-4ca1-46ae-9e4f-5a272904cd58,2024-02-19,Complete
6a111a23-a1fe-4737-93bd-d88b042d10fa,db865062-6f26-47d1-a108-3743c21aaecc,2024-01-07,Complete
3592334b-0ce6-4790-b5ea-83e1db8fcdba,1371776b-e038-4805-af0d-5555116b86fa,2024-01-07,Complete
8361a532-78d3-48ae-88cc-73119e319886,55cb4734-2fc2-45e7-a40f-6694710f6b06,,Needs Review
9e4c841e-7141-4e80-84da-d3ea14b6811f,b8b733fe-a260-4498-9c75-578ad5a1445b,2025-01-23,Complete
d9b022bf-6e06-4165-9492-62016392e7a8,a9f62c90-0c85-44dc-b5a5-f418f9b5c1bc,2024-10-04,Complete
0588631b-1042-4fe9-9cc3-b2b9d8ff94c1,8b79552b-9a92-4488-af4d-8f7c7e27abf6,2025-07-07,Complete
3100fc6f-bdb1-4664-befa-35a790bb7e1c,74e9ce88-32ad-4465-82cb-624bc2079177,2024-01-31,Complete
fdaf0cbc-7fa0-4e6f-b46d-4c3f8f4d966c,913125d0-5d8d-468d-ad01-b450b15be2ef,2024-01-31,Complete
6cef607b-5836-4d1c-91db-2fa34cde6285,3202ca34-0982-460d-bde3-edc12ebbd582,2024-03-25,Complete
a73ac322-b7c9-48a4-ae05-2b05063d56f3,f8de12ed-109f-4c27-8c6e-9a207fb0d028,2024-07-10,Complete
0a60dbd1-0171-4d12-a624-40b9f457c16c,353aa833-a53b-44f2-a0c6-5bd9facc37ef,,Needs Review
7d67a31e-6ba0-457f-8d25-f919b7979125,ce247125-741d-424b-8ab0-f4992a2bb4a3,2025-03-21,Complete
6dc46b73-3fb9-43ea-8f00-f84c2b848edf,f317747f-1264-4154-9118-07961ac6c02c,2025-02-09,Complete
3124f611-d5a5-4b9f-a0fc-bad4a2f8b7fa,46abf185-bebb-42d6-8995-c48b05b22fde,2025-05-17,Complete
d53bf601-f9d4-4839-98a9-489ba8e6a310,47431c52-9806-4b70-b265-a147e6f8e466,2024-03-11,Complete
b469b17b-c982-425c-bdb2-edff22bd3c44,8acd5dfe-2091-4e92-9ae3-1a50181f564b,2025-01-03,Complete
ba0d056a-fb86-4350-8a33-f310bf17c3ad,eb6a1127-657a-4b11-be59-b2a3bb3f9ec3,2025-01-18,Complete
4c6b1a6d-39b3-4e61-aa7c-15b58ef26d80,10e6d0d7-789c-4569-9890-6a4cfce94f0f,2025-04-11,Complete
8fa89e72-388d-4e50-9e41-3d86b9cef201,1568a491-c469-471c-9a25-556972ac4e4d,2024-06-17,Complete
cfe80287-88a9-47b0-98f5-8c576c9d6c28,f3341b63-2d6c-4b20-b5f2-34f883eaaf47,2025-04-05,Complete
556fb507-0153-4a84-bf10-e70d906b467f,c82ba2c0-2431-49d2-be8c-d5b0d97e606a,2025-06-24,Complete
452d2b93-0028-4ee8-bc77-a1157b343be6,de9ecd1c-9c83-4107-817e-da0890a06832,2024-11-08,Complete
6ce27125-1692-4fbd-882e-354f0f7ea915,2656cc02-65ab-416c-b97d-5cd4c859ffe6,2024-11-08,Complete
12169e4c-0333-4cbb-af00-f629db860f01,c47a39d5-1116-4f00-b822-f5df3aee37d6,2024-10-22,Complete
6f7f4b14-0c4e-4f66-a189-c6fe7d27227c,f8466b6f-cc4c-4904-877d-df0f9c340717,2025-03-30,Complete
6a70597b-86ab-4594-8d8a-525a825f3246,21202444-c909-44dc-8ac0-a4025ca6cc30,2025-08-09,Complete
14d7c602-a1f3-49a0-801b-a08485d91228,a70ef168-7527-492a-b81c-14d8395f59ef,2024-03-30,Complete
ba1b4dc6-1100-46e6-872b-a28130c6b70b,4dc177b7-1336-43e1-ad3a-4b6d480e77d4,2024-10-26,Complete
0cbde577-65d1-4f33-abd3-80b830becc2e,33de531e-6af8-4d89-b633-29af99f161ac,2024-05-25,Complete
fad59017-8ef9-4316-83a1-fe2b41d8910e,8a14b45d-c4ab-4bc3-94da-93ce8e9d15b6,2025-01-01,Complete
647307c4-2c9b-48fa-a7bf-8bee4b1f9164,8ff96309-aad8-4de4-89f8-928096dfd733,2024-02-19,Complete
02213e09-0203-4f48-b36a-78364eabffbc,e1d0dd2c-f747-42dc-9a67-6c6c9f547562,2025-01-04,Complete
f41e4d97-fe22-481e-8e7e-26631e8b60a0,b9ac8f12-679b-4cda-9fe2-5c44143525e5,2025-01-04,Complete
f0237200-f7a7-4973-ad83-2fa55afd867c,af4d43a0-6b09-4bc3-9c9b-5a5aa4e458e5,2025-06-15,Complete
bea08902-f1b5-422c-83cc-d8b03fd106bf,d09ce3f6-6b59-48a6-b455-5e878ae0be02,2024-11-02,Complete
301e5c0a-2d39-4528-a905-a08435e9e8e3,652c0ef7-d66a-409d-a129-5215a3336735,2024-04-12,Complete
4a09f688-e3c4-4e94-bf29-9a17a6882260,035b317c-6162-4b8f-b470-02d5cc30d193,2024-11-04,Complete
f61b1fcc-b7e8-4409-b02e-be7e5e71f6b8,67d4b6ba-0e96-4d3e-896f-9f9dca9d3f3d,2024-11-20,Complete
fad7736b-9af3-4250-9df8-b5afd6fe4fc1,318d984e-3074-4edc-9f02-09aa9de904dc,2025-06-02,Complete
b70a8bc2-cd6b-418f-b961-6491412a1d6d,9d4c3b60-987e-4109-8984-188297eef4d5,2025-07-03,Complete
b2164370-e33d-46e0-b888-dfbb0078c602,ca9524b2-c5c5-4005-b499-0576ed316792,2024-05-02,Complete
b1a42c38-cfb0-4b82-9560-a849be133815,1da90a05-a51f-4da7-92dd-38c42974a8d3,2025-03-15,Complete
1bec52e7-bb27-4434-b651-9c3571de4f8e,8bbb3f5a-9844-4743-a7cc-24782fb99e29,2025-08-10,Complete
22dc8e60-19e3-40f5-8f06-988011bf1862,d13076cd-7380-4666-9711-3ba4547c4f26,2024-11-25,Complete
4ff3e181-bfaf-4feb-92b4-d1d46e1fedd8,27c65d28-e98a-4d49-b6cb-34a91597640d,2024-11-14,Complete
21bdbef4-fc52-436d-b0fa-97661d9cb215,6d18e41f-9380-4aa1-8a49-d6f5bd2e7877,2025-07-13,Complete
0ef2060c-425c-46e0-851f-0799a3bb8e89,b4c972df-e6a6-4322-809e-9af1154c29df,2025-03-05,Complete
b463ba2e-fb64-4849-933e-67db46e002e6,2dc9be02-69b2-4da0-9aff-f64724293e54,2024-03-17,Complete
75da2ac8-3b41-418b-9f4b-3381d91fb88e,19198023-31c9-48f3-a381-78d912f3f436,2024-06-08,Complete
ea686730-1bc4-4ed6-a078-b84a71f02865,4b6bf802-1776-4f51-acc7-a974cd176460,,Needs Review
28fd6cff-2567-4340-8ae8-d9076f9ef080,ab3a1889-106d-4314-81bb-f09a6c3ba995,2024-04-06,Complete
4c82bf2c-fbf7-4de5-8d21-26bb0bcdf93b,32d278f9-4583-49c5-a26a-dca4ad21e61f,2024-03-07,Complete
8c842fef-84f6-4932-b759-f3f6a00c22f1,cf12f4e4-7f81-4e3a-8ed0-4be608512283,2025-03-12,Complete
d5ffe71d-99ac-49a2-8b2a-14ff8e62f0b9,1cca2f6a-cedb-4919-8892-0c285e0facca,2024-03-03,Complete
f85c2ff2-3123-46b7-a1f5-85eef35190a7,836ba95c-4fa9-4405-8f74-dff442e14af6,2025-02-01,Complete
393d3d7a-6c56-491a-9df4-42844bd6372b,be35eff7-9420-469b-b941-20956516fb5d,2024-09-29,Complete
3965c2c4-f093-4689-8761-afe260bca8ec,79ca4dd7-61e5-42a6-ab84-be567d185505,2024-09-29,Complete
ee5d82e3-8f0f-4d6a-81c7-0127e6980eda,8a82be16-d163-4861-bf5e-d7b23589efb3,2025-05-19,Complete
f6fff869-5851-4f90-80ca-4ca5e39f75a7,3213acd0-6266-4e44-9464-1836d36afd1b,2024-12-14,Complete
4e47b310-2fd9-42cf-8abe-659f81f38792,eed4a589-2662-4a9c-b813-a941e33846a0,,Needs Review
78f17bed-3129-4dd6-8725-bca68e0e215d,21efed44-9b00-41fc-966d-28f5dc8bdcac,2025-08-09,Complete
5fef51d3-c9dd-4fd3-974f-ef36688d27e2,9dac8e9d-f1f7-4a6f-9f06-8c275250b496,2024-01-12,Complete
8d1c176d-b76b-4672-ba90-e7e5a44bfca9,8e0b8998-6b24-49d1-9a26-c6f1ca1e4756,2025-07-13,Complete
73b77638-a154-4c7c-bd8c-160f67b8caad,f0dd15f3-4502-4fea-b023-e9d94e49241a,,Needs Review
16adf2b6-b40e-48c3-9a5f-39275929a974,bdba2385-34b2-46e6-b18c-dfbf814ddf33,2025-07-21,Complete
011ab7d1-6d6a-4373-ac0a-e0e64cc5e865,85de8837-b9a8-4a56-a9d7-cdebbf2a69f1,2024-10-28,Complete
6b75da69-c79e-4e0b-b20a-e5db16ffc886,bac53f82-8141-4cd4-b0d7-54e4953535fd,2024-07-08,Complete
de06cd4a-bc93-4c4c-b860-dd473110fdfb,b2e866e4-3469-4692-9134-de07e1a00de4,2024-12-18,Complete
