PlanId,SiteId,Standard,Frequency
a9896873-6d58-48ec-9dea-564f863a68e2,6cba7397-c171-4657-850d-249cf2dbef68,,Annual
70ac01ad-9b55-4bd1-ab5f-07e7db007af5,818a272a-e583-45b1-9431-d1505478a61a,,Annual
175f572b-2744-4091-b054-12e2dd833e7f,338ea4ff-5f99-43d1-ab21-a2058b2a794e,,Annual
2c054c99-23c0-4e19-95c5-bc983ab287e0,cf96af23-2e9b-498a-83b3-e227880f6c98,,Annual
18924637-2019-4ef8-b338-38a535b045d8,37a04b93-a8e2-4002-b1d2-527a66097618,,Annual
c42c562a-b013-4a70-8d4c-a61cd125688b,ce189e32-ff70-419a-9250-0c5c5cd49567,,Annual
ab514da2-717b-4f5b-8c4f-66e42069a516,ad960e20-bbb6-48d0-8696-febf42319268,,Annual
400c5257-8620-4640-b4ce-4cea27c9d4f1,c065f299-76e3-44d0-a6bf-399f6a408c20,,Annual
85c91260-a39e-4f4b-a600-e3242abad488,753966d4-c2cc-4ef7-ba6d-5f6444c2c33f,,Annual
c24f208a-8c3d-4dee-9829-46348ce7b428,f3023bdb-98ec-4ffd-8895-8a028b7667d3,,Annual
775d1f9a-151d-432b-8c95-cce13c4189bf,7b556c72-365d-41f0-94c1-ea72a6a1bb1c,,Annual
7433366a-97df-42b8-b84a-da68d8395b90,817168af-7ca0-4b74-bf54-b714673214bb,,Annual
d50b4072-a608-4857-b368-591f8d94cb6f,ea8cdbe1-c647-4437-8abf-ff94486340c6,,Annual
93550012-8e05-4202-8057-8533b4a5fdd8,b0cde26b-7deb-4645-95de-49fdfbd6b9c8,,Annual
d6c2d56e-4cc0-4380-bfbf-5ec544f60331,5fbb9fbe-a9b6-46be-ad54-830a3317927f,,Annual
5e4771fd-a610-4a67-a2f9-49e1ba4372ca,7e9f7785-7d09-47d0-bb24-d43e15d0b26d,,Annual
fe9062cf-9987-4e7b-bcdc-f466a1cd85bd,fe145449-8be2-44a1-9730-1157661208f3,,Annual
47930743-1315-4a9c-8e4c-bcad3b0690ca,282d1300-64fa-40c3-9364-8d4a5c432233,,Annual
911dbf4c-f85d-427e-a376-18023810a5ae,ce15953a-38b0-41d4-b737-70743f459005,,Annual
ea5046ba-1bc6-4155-886d-03e38cbf84cd,560dc5a4-82a0-4a54-ab36-81af3618d814,,Annual
891be209-16f7-4e98-ad36-607e88700a85,e57a79b3-39af-4845-bef0-1cfcb453c7dd,,Annual
2b398417-2ad2-43f2-946f-8d5b7e15c3e1,a0980449-a804-4df5-a8e7-c0973358d071,,Annual
953e9637-c932-407e-ac88-9088ec6ca277,2f865260-e8dc-4895-943b-44667e95f27a,,Annual
70ed1b58-9338-4e9e-8e8c-40d289ae8b0d,9d9c87bf-1f28-4c92-9d40-e9667b91faa0,,Annual
2563cb1d-e86a-4c9f-8835-3d59eb40fd09,e5d6545c-15c5-4969-8fad-a2d4e69ebd41,,Annual
e86dfeac-1ada-41b6-8f0d-8f16dfdd222f,bfd9af2b-be35-4cf2-a2c4-e8d4dca7531b,,Annual
ee6181e6-5470-4a30-84fa-f305d07c5701,2fdf9407-804a-4d07-9cde-8e08b78f3fec,,Annual
d01f5cce-b406-4e4d-93d7-57a74c33e283,116b802c-3033-4808-9e4c-69263d7afe56,,Annual
48b83c01-3cf8-4808-98d9-fff44ac9b5e3,edd21fef-bc70-4626-bcc9-d2371d233f7c,,Annual
2ef9581b-6688-4a1d-b31a-53a596390f2e,b64da089-b55c-4e87-baef-55cd77355c11,,Annual
30bb86b3-bce0-4de5-8cfe-368f05e2e848,c80abcfe-e83a-47bb-af5a-428e63a16d58,,Annual
f3e36bec-eb36-4619-a666-44b76352688d,3e38a5eb-c3a8-4e20-ad42-98e52b63405e,,Annual
a7a4b542-ad54-48f2-b6b4-caa39d505f92,15a062cd-881d-4270-872d-c221d84ea76b,,Annual
4dbc5e61-6592-4090-87db-fc093b75e4a1,d198aebd-42e2-4177-adbd-f492bb5bd250,,Annual
5301ebf3-5349-4c43-a113-be4d16271061,3c92f962-373e-4cc2-b4ce-73d1ba658c9b,,Annual
c5f09aa6-a875-43c9-b8ff-16af18701b94,6ffdbc08-2c48-474f-9a84-9bc8203ecaa9,,Annual
5502d009-b0c7-44fe-955e-60ee41c98a40,c9121baa-c989-4eea-93d1-cfb95c2a7554,,Annual
3f8ea0dc-d8a9-4fd2-b959-ceddcff2b630,921aee02-3703-4a03-bae1-dd35fb48be34,,Annual
8d02ae38-d215-4c25-b3f3-a8e2599919e9,3164db58-e716-4d31-bd56-9c1a2f5ba759,,Annual
4aaf3a6e-e080-4fbd-898a-8fa452ae5607,8a814ea7-a6ab-488f-b57f-02061ef651e7,,Annual
b970249a-cb9a-4149-8443-4ae6e51e796a,43ef74b1-9fde-4f64-ac71-43f0377e8c60,,Annual
d7ee8349-dbe0-4d23-b26a-89ba7acb0fd1,b39fd0e4-ea17-4032-9f16-3d26d9395d85,,Annual
ff3d999f-60c0-43b4-bdce-04af6a089a2b,ecb10de5-bb14-4ebe-bdd7-b7d9e7345c3a,,Annual
a5984ffd-aeca-4530-8138-030ad3d897a3,03967321-545b-4251-88ef-d5c94dcac68c,,Annual
66f1de35-0e2c-4681-9f3c-cbc38d0951d0,cc6adea3-dcc3-46a0-b660-20cc2fad3ad8,,Annual
086a1b2b-9c1b-4339-966b-010e578711a2,4ee85663-4fbe-4e6c-81a4-6069e56a04ee,,Annual
94401b47-2d9b-402b-a5bf-37addc57fbe1,dc9cb7ad-1f77-4fea-a82b-9ea68a9f2281,,Annual
59a8ec59-26ae-4313-bda3-50ae153404d8,dab8b37f-8e4e-4039-89da-04b7d7a4a96c,,Annual
a53d12e6-1b5b-47b7-bf14-6c77afb950ec,528fa987-3f02-4ad7-9ee6-929ca3db87c9,,Annual
d119a9f0-a591-4dc3-bc55-951d1bbf504d,6a71dc30-202b-4eed-bfa6-65f41b858565,,Annual
6202d0d1-40e4-4a98-85f6-4edfd1d4fd6b,cee884d9-0427-4b24-bf81-23aced72fc2c,,Annual
87cfdef6-8df3-42c4-ad28-3e571b9ea8b3,b80e51d7-0978-4d5f-ab0e-c96ef53742e0,,Annual
8929a238-5b1f-4041-904c-81a4c52f979c,b4b24d64-aaf3-4b42-9adf-08c86d99fa66,,Annual
bd41e3a3-ba47-472a-bee8-bfd0c293a700,2394cd36-3f12-4558-a325-9170eea003cd,,Annual
5a1a4a59-cbe3-4bcd-9344-ffcaacf740e8,c7546429-4358-4ec6-82fb-df65e713b6fe,,Annual
3373bff2-f8a0-41b0-b1a1-829793946eea,378df7da-843a-432d-b0aa-02f389a396d8,,Annual
4fd4858b-ca6c-4957-8964-afa038753c2d,282ba953-1794-45ec-81ba-a1dab276680b,,Annual
18313eee-1f13-43de-8047-d5c8e79e94ea,1a126cd0-de9d-46a7-a7b0-11d4a1c04086,,Annual
856d4e0a-2c97-4fbf-9811-01d0bb8e073b,30435f74-a865-49eb-8a6e-9eeb425c8a67,,Annual
df66afe5-beff-43fc-b15a-197f44a4c5c6,3c2f470b-99ee-4c07-bee9-e548160306f0,,Annual
279d876b-0547-4ffd-96a2-74ac5be91a15,b403253c-824e-402a-b704-51cf90cfbc0e,,Annual
89b1abf4-c3bc-4615-bccf-a1f884642377,6f6a3063-79b9-4f7a-9a87-63170bf01ee6,,Annual
716fa857-37f7-4825-8856-800c30d3b8a2,32a254f2-0c2a-4859-ac21-3e9b2dc0c22c,,Annual
eda74f7c-6488-4e11-9c29-de5b974823a5,aecdeec8-0866-4fef-9536-1e544717600e,,Annual
0b387492-035d-4f61-91d9-8c898d44751c,63e97bed-a8f5-4751-9b3b-a653e947588a,,Annual
03579e82-ca81-4ca0-aead-d12b04261161,fd3e0fda-a55c-45b1-b54e-23a9398c3f4a,,Annual
44d7c4ab-7ffa-4379-9d32-e85cc263b04c,88073a84-1e00-4f31-8308-38ff3f53d913,,Annual
3cafe3da-ced1-4ab2-80e9-53e0c135ec81,b754a0d9-51ee-4890-a69d-1e224840a1a8,,Annual
5983f673-3e04-40ed-a690-7014260d1982,cc2f502c-dac3-43e5-81c2-54e1fa2dc610,,Annual
97082dcd-dbe7-4652-aa86-66ff90f3a9c6,2d16c6ae-865a-4348-a802-467039f23148,,Annual
f431714e-d681-4477-84ab-06caec584f75,11fefb33-f472-45cc-a504-86b1a3799fe1,,Annual
40803e0a-d860-4b2f-b075-f60318c0b274,1b7612c3-ae82-46fe-9a1e-3a3d986d1c87,,Annual
3b1ffa49-8fb3-4b1c-8bce-02636926f34e,2049fcca-84c6-449e-9ee4-d61ee694bce3,,Annual
184702b5-f011-4aac-8923-999cdf941f47,d7cbf52b-012d-4da0-b1dd-a3d7810d784f,,Annual
b3285d13-4f5f-424b-b421-c2b4bc4cb57c,41dbf704-ece9-4027-b141-6469ec6bc161,,Annual
20503b9b-1907-4e4e-a643-99907a127d90,f41e0a01-aa4b-46ed-80ac-34cd3a2393ac,,Annual
a21ad711-10fb-4681-abde-333f70fcf6f5,648a5fda-e198-48c2-8426-03287fb131ee,,Annual
041681d9-6166-4061-8367-9e05000df647,39748edf-0af9-4bfe-ae19-ceaa80a08396,,Annual
1e8c1c64-07b6-4b0e-a5f8-097b08dee6a6,c4520e6b-2536-4368-8916-bd3d08f95c35,,Annual
b8760c14-03a7-4e57-8cd2-8be9b4f873dc,aef54b3d-9f35-4ec8-95d7-751948c41fca,,Annual
4f3eccf1-4f8d-42d9-9b88-4d091c291fa2,040f760c-295b-49b7-b566-c5c4530c30c9,,Annual
1a45510d-a7b6-469b-a7ab-4e25718c3ab6,7d6dba6a-399e-451a-90dd-43519ba7ee22,,Annual
9a8e7183-dd76-4a60-8b7f-aaec429f7112,6aa5749e-7877-4df2-a82a-bd13dd96f664,,Annual
2c5292ad-de6f-4d02-85ee-797ae955ee12,6cf84c5b-a3c6-4581-ae52-982fbf41cfc1,,Annual
ff0a44a5-c215-4553-a87c-70c49a4934ba,63741f38-2d6f-4541-9165-1974709b349d,,Annual
2d0ceda1-751d-468d-ad89-f7308015c742,2224f1ca-74c8-4957-905a-0592101e9930,,Annual
e4cc1aa1-0c10-4b03-aa49-9d606c793146,ceb8892b-fca4-43f5-a772-3f4c3073a1b4,,Annual
78cb7758-322e-45a4-9feb-70397844bcaa,380cde20-9270-436e-8408-53ceba32064b,,Annual
1ea2fdc1-95ca-45ee-96bd-c2b570386a3d,b6b85830-a28e-4e25-aa60-98a7ae6d083c,,Annual
2e55532b-0aa9-42e4-98f0-91dd10877e34,dbc79610-f4bf-42ea-a8db-58cff35e0afb,,Annual
0401aa48-6351-421f-b28c-f4b1f882d1cd,23004dc8-c2cb-4ab5-bdc2-de6485ae19c5,,Annual
f6ac1895-59e6-40bb-bffd-61d3401cbfdf,e5f4995a-7c9a-4942-b03c-a18efda520aa,,Annual
f7868e2e-eb70-4c5b-8f2b-8e89cc5281f1,8d39c024-6842-4f70-8264-dacc45af9382,,Annual
23d76775-6597-4380-95d7-d79a12eebd92,33edd6f0-11e0-4bf6-926b-0222757fc9a8,,Annual
5d30c86f-49be-4e4f-a884-d99e78dd0b48,042abc4e-f021-4d95-9f7d-65e847f372cc,,Annual
1c753eb8-f7a5-4887-8d02-6a59e0e6db2e,87a77cd3-e9b3-4bb7-9557-42af88ef74d5,,Annual
93ecc7d1-3d98-4f94-b482-4651d86ea727,6c8d027b-4738-4ac7-a901-2a6cc3d120a5,,Annual
26e6b34e-5b50-40a6-9f95-f2a52d65a76e,7990c561-e50c-413a-a3b9-41d8d9e33790,,Annual
0511526b-2600-4a31-98e6-48169a6a507a,7dccdc8e-6c7b-4dfb-a5f8-99f4eb5582a3,,Annual
d03d4c96-fd72-4184-bd72-77c3fe9e53c4,89ccaf04-63d6-473a-b986-16d46e8fe5a2,,Annual
3e854100-adc9-4392-a9ab-ee9db20ddbfc,c3c0c39e-f1c9-4bc2-83be-7cf4b2d548d1,,Annual
7c737a32-5eb5-4e60-9d0b-eb311224278f,1816c3b3-762f-46c1-81bc-78b0744bf479,,Annual
ea00a787-5202-4d71-a729-016ea6d5a6d0,1d4bb54a-0f3a-4c52-a457-71e3de2ac0f5,,Annual
7e08e7c9-759d-433e-9337-8f3131513e77,aa8238b8-fecb-4ce1-b0cd-5c24b384b925,,Annual
81ef91c6-ad43-4ca7-8d24-52a487ba71c8,0a138de0-6309-49fe-85b9-996db1362029,,Annual
75c56a73-cebc-4497-ae61-7cffecba5a1a,0ec5683d-efa1-48e5-a4db-7a3e113fdd96,,Annual
0ab1493a-3368-403e-a850-d760b609a0c4,3ba3fc34-007b-4812-aace-1654ecbbb1c3,,Annual
3e80a772-be9a-4a81-8f06-b2c570954535,63ae8cd8-d252-4b38-868b-c23420809932,,Annual
0de535ff-463a-4b86-8879-5330a7c67eca,157bead8-d7a4-45fa-9758-3feffe5e63c0,,Annual
af001350-cb26-4948-ab40-f62e09a9db96,961595ff-d126-49a6-8ba7-492d22fc59d8,,Annual
849f27b6-4a6e-4920-aff2-7d6490003dc2,7169fe83-9565-4eb8-bb6d-0abfbf557b19,,Annual
6dec5f28-eb67-4cea-b875-6bf7d5c4758c,592de029-6c7b-4f0e-adef-d39f4cc3276b,,Annual
8df2fb66-5440-4523-a6ec-813830444082,114664c5-d740-4e53-8a41-963e377f7e1f,,Annual
ff6089e0-b9f2-4e4e-980f-3a61b37ac97d,243583ca-065e-4dba-a172-6618bf6dbad4,,Annual
08832fff-f0ba-4457-ba15-fbd6aa13f65e,826d4c09-8bec-4090-be37-b376556c5066,,Annual
a5d23a0f-2e1e-4c5a-a44a-d4854bb60b58,3379d2bb-f981-402f-a6db-1e816c7bc029,,Annual
24f518aa-16a3-49de-b063-5f94d9f5c83c,3983f6bb-d701-4315-b1ba-39112643f44d,,Annual
180e46a1-0f6b-4604-a5a1-1140c643cbc1,c9b3f2f3-b63d-4e36-a87a-1c7d9bf092ff,,Annual
5121f1bd-07d7-4ffd-8459-5d2f9cabd245,5c347ebb-1498-4bbc-ba0e-6de94765f0eb,,Annual
d1064e9d-2cd3-44c8-9c77-f5e2a94546ad,72b9233a-8599-4343-b20b-b04f11f2eaf8,,Annual
f02bc7ca-7891-43ae-87e6-cb135b83564f,969f2277-48fb-4098-bf1c-37b99e7f2dac,,Annual
e0b650d8-399b-4251-abe1-036e18167e4b,70d5194f-de24-4c1b-b483-1029a91ebde7,,Annual
e3638ad2-59b3-4813-bc88-76a5dd54de87,39de6212-1b26-4f41-931d-4a83509dedc5,,Annual
d9869a53-e38f-4f5c-9019-fa9f97000157,4b8cab89-aece-43c0-8fd3-52d1adea65f6,,Annual
71f65eb2-d46b-4a82-85d0-2758697e8a63,e1c4d3c3-a3fb-45d5-a381-ab59cc1e0aac,,Annual
cfaea880-ee4c-4196-a6f0-b2f7b1b7bbf3,a4558def-60d5-4724-a13f-0ae438e4aeee,,Annual
3e8c478b-138c-4325-9425-72707d87c685,bac3710b-eebe-43ce-91aa-443b84a4006a,,Annual
fb18e373-62d6-4a59-a640-1f5d9a6f6933,6342dc63-7f22-4f16-ad09-6d8237f5e42d,,Annual
91354f4f-1f62-4965-85f7-8748f40c6173,ab2a2abe-0874-4c71-a47d-ab4eee27665a,,Annual
bc80439a-b2d6-4723-9872-deb9a74e5e8e,12aed788-2a65-4ad5-8746-e4809f9927a3,,Annual
118f5a55-6360-4dce-9841-0ba982cbb964,6ca853d6-1559-464a-8055-79340dbae2d9,,Annual
3cbda760-1f6e-48de-b2b0-6866e21c9854,6b69d28d-3767-4bd0-80bd-db394e74afc4,,Annual
d4a3e20c-3dbf-4f27-8fa5-dd64e3277fd2,9243f726-6939-496a-9cbe-1d8239143bb2,,Annual
bfb81efc-df45-4c2f-b9be-cff8a3ecfba4,3fef09cd-aca3-45f1-9527-cfe224e9716e,,Annual
fe5f1941-990a-4d59-b980-700c2b5ce9ae,3009456a-1797-4a1b-ae61-f505166aa3e5,,Annual
e3592dea-44ee-49c2-9fb9-2eef90952033,59ddc7b9-9585-46c3-bff5-83508052a5ab,,Annual
73e9579e-4d29-44ed-89e7-63866dca00f3,fe6d2aed-3c10-4f5d-864d-f799a7ef8bd3,,Annual
d95c9995-a0a1-4e48-8421-4feb8a6128ba,b7e8b42b-8e20-43e6-9b60-a4860ff15ad4,,Annual
68c3d223-3a15-4f5e-b37e-b0362ada6a3f,54eacdea-f07a-4a7e-95ff-25ef895b134a,,Annual
3a38f8ae-74fb-4989-848d-fa425f92b5e1,1f52eaf7-4ca1-46ae-9e4f-5a272904cd58,,Annual
61989b64-ab92-4cfa-9bf1-22b12bde16f6,db865062-6f26-47d1-a108-3743c21aaecc,,Annual
8caedb75-e644-420f-bb0e-59461a2000d1,1371776b-e038-4805-af0d-5555116b86fa,,Annual
54e51b7e-730a-4f2e-b347-11c5342ea40d,55cb4734-2fc2-45e7-a40f-6694710f6b06,,Annual
83d90ff3-8afe-465d-8c9a-eb0b3f8c3a82,b8b733fe-a260-4498-9c75-578ad5a1445b,,Annual
f7179be9-a409-4500-a8bc-6b2137027174,a9f62c90-0c85-44dc-b5a5-f418f9b5c1bc,,Annual
236f597d-0d30-451d-ae2e-95ae56312a36,8b79552b-9a92-4488-af4d-8f7c7e27abf6,,Annual
c11bf5fc-df67-4988-b1e7-5ceb00451a8a,74e9ce88-32ad-4465-82cb-624bc2079177,,Annual
56a8a44f-345e-4162-b3af-d0340f1c9959,913125d0-5d8d-468d-ad01-b450b15be2ef,,Annual
e8b26fc4-8dc4-4ffc-bc4f-3240cc1bba63,3202ca34-0982-460d-bde3-edc12ebbd582,,Annual
a088e996-c5a1-4a28-8247-17bacf29dfc3,f8de12ed-109f-4c27-8c6e-9a207fb0d028,,Annual
5934b02c-02b5-46e4-ad6f-72fda96e6f86,353aa833-a53b-44f2-a0c6-5bd9facc37ef,,Annual
b028fa31-a968-49e2-90ab-1358bef9950d,ce247125-741d-424b-8ab0-f4992a2bb4a3,,Annual
dc883225-83e9-4eb6-99a9-4ca49d697dc4,f317747f-1264-4154-9118-07961ac6c02c,,Annual
e43b0a7e-4fb6-42ec-8984-0ff2f2d21fc8,46abf185-bebb-42d6-8995-c48b05b22fde,,Annual
0d424be2-4767-4b00-a2e0-4c7b15a99c86,47431c52-9806-4b70-b265-a147e6f8e466,,Annual
53648225-6ec1-46fd-b112-14b26f09b0cd,8acd5dfe-2091-4e92-9ae3-1a50181f564b,,Annual
e119160c-5fa3-463f-8160-fbf92afa90ae,eb6a1127-657a-4b11-be59-b2a3bb3f9ec3,,Annual
3a9feb94-a889-41e7-bb96-2da86171d1a2,10e6d0d7-789c-4569-9890-6a4cfce94f0f,,Annual
7f47210b-d233-4b32-b88f-25d3a6142e5a,1568a491-c469-471c-9a25-556972ac4e4d,,Annual
69adc5aa-509b-49b5-acdc-b112b3d580f1,f3341b63-2d6c-4b20-b5f2-34f883eaaf47,,Annual
617a5898-acf8-4fc5-91b2-6824e760e409,c82ba2c0-2431-49d2-be8c-d5b0d97e606a,,Annual
68d2d7fc-e1bd-4c5b-8b53-1348dd6db51d,de9ecd1c-9c83-4107-817e-da0890a06832,,Annual
5630a7b2-efbe-46cd-bfe8-d9a93a65c72c,2656cc02-65ab-416c-b97d-5cd4c859ffe6,,Annual
84ac516b-0420-4356-9f0e-74cdd23f57ed,c47a39d5-1116-4f00-b822-f5df3aee37d6,,Annual
07dfa929-6868-46ff-8118-647042bdd35a,f8466b6f-cc4c-4904-877d-df0f9c340717,,Annual
dcfc3a0b-81d2-428b-a90a-eee6d80b28d6,21202444-c909-44dc-8ac0-a4025ca6cc30,,Annual
0adf9bbe-eb77-4377-a69f-f34e1eb92546,a70ef168-7527-492a-b81c-14d8395f59ef,,Annual
dccc13d8-8d01-4016-8dba-8a5d5e90c6a8,4dc177b7-1336-43e1-ad3a-4b6d480e77d4,,Annual
1c2ad26b-643f-44b6-a9a7-09200d784e6c,33de531e-6af8-4d89-b633-29af99f161ac,,Annual
6be1bd51-beab-42fe-9388-07f4c71ecd08,8a14b45d-c4ab-4bc3-94da-93ce8e9d15b6,,Annual
da2ae8c6-9a10-4e5c-8af3-b1a7736bdf35,8ff96309-aad8-4de4-89f8-928096dfd733,,Annual
e0ca96a7-7d90-4d21-bfdb-e0d522d962cc,e1d0dd2c-f747-42dc-9a67-6c6c9f547562,,Annual
3779a918-810b-4013-9183-acea49b8148c,b9ac8f12-679b-4cda-9fe2-5c44143525e5,,Annual
b15f9fde-2fcb-485e-93d2-b2aab2317aaf,af4d43a0-6b09-4bc3-9c9b-5a5aa4e458e5,,Annual
3f824035-510e-4298-81f8-c8865cf42cf1,d09ce3f6-6b59-48a6-b455-5e878ae0be02,,Annual
bf053656-cd2e-4fef-b954-d3e3259d756e,652c0ef7-d66a-409d-a129-5215a3336735,,Annual
d3972378-c347-4a6b-aef5-8abffa508e7e,035b317c-6162-4b8f-b470-02d5cc30d193,,Annual
696274ce-6384-4011-be94-750730f4602b,67d4b6ba-0e96-4d3e-896f-9f9dca9d3f3d,,Annual
5dbb26c1-c713-4d9b-b710-5f91ad4629de,318d984e-3074-4edc-9f02-09aa9de904dc,,Annual
8823eda7-9ace-44e3-9d79-f725adf7b567,9d4c3b60-987e-4109-8984-188297eef4d5,,Annual
46aac3b3-91d4-4018-bcfc-223107cd5dd3,ca9524b2-c5c5-4005-b499-0576ed316792,,Annual
069b03fd-3071-4bdd-97a0-e83621861b62,1da90a05-a51f-4da7-92dd-38c42974a8d3,,Annual
6f05b91c-33bd-4685-a5b3-1c8a99b2f4dc,8bbb3f5a-9844-4743-a7cc-24782fb99e29,,Annual
6979f077-3f0f-4060-8753-ea3c49af64aa,d13076cd-7380-4666-9711-3ba4547c4f26,,Annual
f725e765-0368-4c69-88ce-1aadbe7ca344,27c65d28-e98a-4d49-b6cb-34a91597640d,,Annual
d2c87683-28a7-4454-8758-86361a89fd21,6d18e41f-9380-4aa1-8a49-d6f5bd2e7877,,Annual
1beb64f0-7821-44e1-ba22-a8458d399a39,b4c972df-e6a6-4322-809e-9af1154c29df,,Annual
eb3a26ed-5973-4c55-a247-d4a15bb029de,2dc9be02-69b2-4da0-9aff-f64724293e54,,Annual
abead906-1319-4c57-8f95-799febd282c3,19198023-31c9-48f3-a381-78d912f3f436,,Annual
083ae6fd-067e-4c91-87b4-d68df11c08c5,4b6bf802-1776-4f51-acc7-a974cd176460,,Annual
fe88240a-a9d6-44fd-80eb-c5ee3be06021,ab3a1889-106d-4314-81bb-f09a6c3ba995,,Annual
94b0cf92-2bcd-47e8-a6f1-496ccd54ce2b,32d278f9-4583-49c5-a26a-dca4ad21e61f,,Annual
f785d3ae-49e4-4d00-a958-724aeab9f575,cf12f4e4-7f81-4e3a-8ed0-4be608512283,,Annual
87d2bd02-c0de-46f5-a5a0-5cca03609d6e,1cca2f6a-cedb-4919-8892-0c285e0facca,,Annual
8d6f4288-c416-4903-b42f-d5e1cf62fd6c,836ba95c-4fa9-4405-8f74-dff442e14af6,,Annual
5b92ee31-58e7-4cf1-b98d-634e5df0666c,be35eff7-9420-469b-b941-20956516fb5d,,Annual
eb7fae7f-7998-4118-a426-9c0745b6d5f4,79ca4dd7-61e5-42a6-ab84-be567d185505,,Annual
e65aaa13-4e09-45b0-a4a7-59df8ecd1765,8a82be16-d163-4861-bf5e-d7b23589efb3,,Annual
2a2053c7-8668-4046-9bcb-be6bb92c183a,3213acd0-6266-4e44-9464-1836d36afd1b,,Annual
d90ad7de-366c-418b-82b2-ed437fcbda4c,eed4a589-2662-4a9c-b813-a941e33846a0,,Annual
18acb8dc-3678-4726-9be2-279aab6f5889,21efed44-9b00-41fc-966d-28f5dc8bdcac,,Annual
0d1373d1-8eb2-4220-9fd3-0f126ae6e79c,9dac8e9d-f1f7-4a6f-9f06-8c275250b496,,Annual
4a6b4561-7c59-4a59-b83e-ea91a998525b,8e0b8998-6b24-49d1-9a26-c6f1ca1e4756,,Annual
04313ec3-acf1-49a2-ac4f-8aac341e9ca1,f0dd15f3-4502-4fea-b023-e9d94e49241a,,Annual
8d2554dd-46e9-4931-aba1-9243a45f7796,bdba2385-34b2-46e6-b18c-dfbf814ddf33,,Annual
949d1b6b-75e8-4b0b-82c5-9948c528655c,85de8837-b9a8-4a56-a9d7-cdebbf2a69f1,,Annual
175852ca-8d3b-4b08-b35d-2ac881954d8e,bac53f82-8141-4cd4-b0d7-54e4953535fd,,Annual
8fdeb7c1-bcb4-4227-b67f-85f06da3a94c,b2e866e4-3469-4692-9134-de07e1a00de4,,Annual
