SiteId,Name,Address,City,State,Zip,County,Phone,Country
6cba7397-c171-4657-850d-249cf2dbef68,Avondale Plaza,1200 Route. 4,Columbus,OH,35824,Franklin,(513) 555-0101,USA
818a272a-e583-45b1-9431-d1505478a61a,Avondale Plaza,1200 Route. 4,Columbus,OH,35824,Franklin,(513) 555-0101,USA
338ea4ff-5f99-43d1-ab21-a2058b2a794e,Northpoint Commons,301 Reading Road,Dayton,KY,91523,Montgomery,(937) 555-0199,USA
cf96af23-2e9b-498a-83b3-e227880f6c98,Hamilton Works,9877 Glenway Avenue,Mason,OH,61321,Warren,(513) 555-0101,USA
37a04b93-a8e2-4002-b1d2-527a66097618,Avondale Plaza,55 Main Street,Cincinnati,KY,16007,Hamilton,(937) 555-0199,USA
ce189e32-ff70-419a-9250-0c5c5cd49567,Cedar Ridge,9877 Glenway Avenue,Mason,OH,41026,Warren,(937) 555-0199,USA
ad960e20-bbb6-48d0-8696-febf42319268,CEDAR RIDGE,55 Main Street,Columbus,OH,51193,Franklin,(614) 555-3777,USA
c065f299-76e3-44d0-a6bf-399f6a408c20,Avondale Plaza,55 Main Street,Dayton,KY,52162,Montgomery,(859) 555-4411,USA
753966d4-c2cc-4ef7-ba6d-5f6444c2c33f,Hamilton Works,301 Reading Road,Dayton,KY,90970,Montgomery,(937) 555-0199,USA
f3023bdb-98ec-4ffd-8895-8a028b7667d3,Northpoint Commons,9877 Glenway Avenue,Hamilton,OH,56290,Butler,(937) 555-0199,USA
7b556c72-365d-41f0-94c1-ea72a6a1bb1c,Northpoint Commons,55 Main Street,Columbus,IN,80774,Franklin,(937) 555-0199,USA
817168af-7ca0-4b74-bf54-b714673214bb,Hamilton Works,1200 Route. 4,Mason,IN,23708,Warren,(513) 555-0101,USA
ea8cdbe1-c647-4437-8abf-ff94486340c6,Cedar Ridge,55 Main Street,Mason,OH,87882,Warren,(859) 555-4411,USA
b0cde26b-7deb-4645-95de-49fdfbd6b9c8,Cedar Ridge,1200 Route. 4,Cincinnati,OH,20279,Hamilton,(937) 555-0199,USA
5fbb9fbe-a9b6-46be-ad54-830a3317927f,Avondale Plaza,301 Reading Road,Mason,OH,36862,Warren,(513) 555-0101,USA
7e9f7785-7d09-47d0-bb24-d43e15d0b26d,Avondale Plaza,301 Reading Road,Columbus,KY,94640,Franklin,(859) 555-4411,USA
fe145449-8be2-44a1-9730-1157661208f3,Northpoint Commons,301 Reading Road,Mason,IN,36343,Warren,(513) 555-0101,USA
282d1300-64fa-40c3-9364-8d4a5c432233,Northpoint Commons,7400 Colerain Avenue,Mason,OH,53724,Warren,(937) 555-0199,USA
ce15953a-38b0-41d4-b737-70743f459005,Avondale Plaza,7400 Colerain Avenue,Dayton,IN,66645,Montgomery,(513) 555-0101,USA
560dc5a4-82a0-4a54-ab36-81af3618d814,Hamilton Works,1200 Route. 4,Dayton,OH,87916,Montgomery,(937) 555-0199,USA
e57a79b3-39af-4845-bef0-1cfcb453c7dd,Avondale Plaza,301 Reading Road,Columbus,OH,90970,Franklin,(614) 555-3777,USA
a0980449-a804-4df5-a8e7-c0973358d071,AVONDALE PLAZA,9877 Glenway Avenue,Mason,IN,69920,Warren,(513) 555-0101,USA
2f865260-e8dc-4895-943b-44667e95f27a,Northpoint Commons,55 Main Street,Dayton,OH,91090,Montgomery,(937) 555-0199,USA
9d9c87bf-1f28-4c92-9d40-e9667b91faa0,RIVERVIEW CENTER,301 Reading Road,Columbus,OH,23708,Franklin,(937) 555-0199,USA
e5d6545c-15c5-4969-8fad-a2d4e69ebd41,RIVERVIEW CENTER,301 Reading Road,Columbus,OH,23708,Franklin,(937) 555-0199,USA
bfd9af2b-be35-4cf2-a2c4-e8d4dca7531b,Avondale Plaza,1200 Route. 4,Columbus,OH,30852,Franklin,(513) 555-0101,USA
2fdf9407-804a-4d07-9cde-8e08b78f3fec,Cedar Ridge,1200 Route. 4,Mason,IN,41026,Warren,(859) 555-4411,USA
116b802c-3033-4808-9e4c-69263d7afe56,Hamilton Works,7400 Colerain Avenue,Dayton,OH,43167,Montgomery,(614) 555-3777,USA
edd21fef-bc70-4626-bcc9-d2371d233f7c,Cedar Ridge,55 Main Street,Mason,KY,14868,Warren,(614) 555-3777,USA
b64da089-b55c-4e87-baef-55cd77355c11,Cedar Ridge,7400 Colerain Avenue,Cincinnati,KY,80835,Hamilton,(859) 555-4411,USA
c80abcfe-e83a-47bb-af5a-428e63a16d58,Cedar Ridge,1200 Route. 4,Mason,OH,70415,Warren,(859) 555-4411,USA
3e38a5eb-c3a8-4e20-ad42-98e52b63405e,Riverview Center,9877 Glenway Avenue,Mason,KY,50231,Warren,(859) 555-4411,USA
15a062cd-881d-4270-872d-c221d84ea76b,Riverview Center,301 Reading Road,Dayton,OH,65769,Montgomery,(614) 555-3777,USA
d198aebd-42e2-4177-adbd-f492bb5bd250,Hamilton Works,9877 Glenway Avenue,Hamilton,KY,66307,,(937) 555-0199,USA
3c92f962-373e-4cc2-b4ce-73d1ba658c9b,Cedar Ridge,55 Main Street,Mason,IN,53619,Warren,(513) 555-0101,USA
6ffdbc08-2c48-474f-9a84-9bc8203ecaa9,Cedar Ridge,9877 Glenway Avenue,Columbus,KY,16007,Franklin,(513) 555-0101,USA
c9121baa-c989-4eea-93d1-cfb95c2a7554,Riverview Center,1200 Route. 4,Mason,OH,69287,Warren,(513) 555-0101,USA
921aee02-3703-4a03-bae1-dd35fb48be34,Hamilton Works,7400 Colerain Avenue,Hamilton,KY,74451,,(937) 555-0199,USA
3164db58-e716-4d31-bd56-9c1a2f5ba759,Hamilton Works,1200 Route. 4,Hamilton,KY,12336,Butler,(859) 555-4411,USA
8a814ea7-a6ab-488f-b57f-02061ef651e7,Hamilton Works,55 Main Street,Cincinnati,OH,66353,Hamilton,(859) 555-4411,USA
43ef74b1-9fde-4f64-ac71-43f0377e8c60,Hamilton Works,7400 Colerain Avenue,Columbus,IN,57952,Franklin,(513) 555-0101,USA
b39fd0e4-ea17-4032-9f16-3d26d9395d85,Hamilton Works,55 Main Street,Hamilton,OH,79347,Butler,(859) 555-4411,USA
ecb10de5-bb14-4ebe-bdd7-b7d9e7345c3a,Avondale Plaza,55 Main Street,Columbus,OH,86173,Franklin,(937) 555-0199,USA
03967321-545b-4251-88ef-d5c94dcac68c,Riverview Center,9877 Glenway Avenue,Cincinnati,IN,42293,Hamilton,(513) 555-0101,USA
cc6adea3-dcc3-46a0-b660-20cc2fad3ad8,Riverview Center,1200 Route. 4,Columbus,KY,87916,Franklin,(859) 555-4411,USA
4ee85663-4fbe-4e6c-81a4-6069e56a04ee,Cedar Ridge,7400 Colerain Avenue,Mason,IN,35824,Warren,(859) 555-4411,USA
dc9cb7ad-1f77-4fea-a82b-9ea68a9f2281,Riverview Center,55 Main Street,Dayton,IN,18564,Montgomery,(859) 555-4411,USA
dab8b37f-8e4e-4039-89da-04b7d7a4a96c,Riverview Center,9877 Glenway Avenue,Mason,OH,17031,Warren,(937) 555-0199,USA
528fa987-3f02-4ad7-9ee6-929ca3db87c9,Cedar Ridge,9877 Glenway Avenue,Hamilton,OH,94376,Butler,(859) 555-4411,USA
6a71dc30-202b-4eed-bfa6-65f41b858565,NORTHPOINT COMMONS,1200 Route. 4,Dayton,KY,35103,Montgomery,(937) 555-0199,USA
cee884d9-0427-4b24-bf81-23aced72fc2c,Hamilton Works,301 Reading Road,Hamilton,OH,59683,Butler,(513) 555-0101,USA
b80e51d7-0978-4d5f-ab0e-c96ef53742e0,Cedar Ridge,301 Reading Road,Cincinnati,OH,35103,Hamilton,(859) 555-4411,USA
b4b24d64-aaf3-4b42-9adf-08c86d99fa66,Avondale Plaza,7400 Colerain Avenue,Dayton,OH,79037,Montgomery,(859) 555-4411,USA
2394cd36-3f12-4558-a325-9170eea003cd,Cedar Ridge,301 Reading Road,Hamilton,OH,47683,Butler,(859) 555-4411,USA
c7546429-4358-4ec6-82fb-df65e713b6fe,Hamilton Works,9877 Glenway Avenue,Mason,IN,86039,Warren,(859) 555-4411,USA
378df7da-843a-432d-b0aa-02f389a396d8,Northpoint Commons,301 Reading Road,Dayton,KY,61321,Montgomery,(859) 555-4411,USA
282ba953-1794-45ec-81ba-a1dab276680b,Northpoint Commons,301 Reading Road,Cincinnati,OH,35148,Hamilton,(859) 555-4411,USA
1a126cd0-de9d-46a7-a7b0-11d4a1c04086,Avondale Plaza,7400 Colerain Avenue,Cincinnati,OH,81581,Hamilton,(513) 555-0101,USA
30435f74-a865-49eb-8a6e-9eeb425c8a67,Hamilton Works,9877 Glenway Avenue,Columbus,KY,69920,Franklin,(859) 555-4411,USA
3c2f470b-99ee-4c07-bee9-e548160306f0,Hamilton Works,301 Reading Road,Columbus,OH,93089,Franklin,(937) 555-0199,USA
b403253c-824e-402a-b704-51cf90cfbc0e,Cedar Ridge,1200 Route. 4,Dayton,KY,91906,Montgomery,(614) 555-3777,USA
6f6a3063-79b9-4f7a-9a87-63170bf01ee6,Riverview Center,55 Main Street,Mason,OH,91745,Warren,(513) 555-0101,USA
32a254f2-0c2a-4859-ac21-3e9b2dc0c22c,Riverview Center,55 Main Street,Mason,OH,61363,Warren,(937) 555-0199,USA
aecdeec8-0866-4fef-9536-1e544717600e,Northpoint Commons,9877 Glenway Avenue,Cincinnati,KY,84839,Hamilton,(513) 555-0101,USA
63e97bed-a8f5-4751-9b3b-a653e947588a,Hamilton Works,7400 Colerain Avenue,Dayton,OH,51304,Montgomery,(859) 555-4411,USA
fd3e0fda-a55c-45b1-b54e-23a9398c3f4a,RIVERVIEW CENTER,301 Reading Road,Hamilton,OH,59834,Butler,(937) 555-0199,USA
88073a84-1e00-4f31-8308-38ff3f53d913,Riverview Center,9877 Glenway Avenue,Cincinnati,OH,43144,Hamilton,(859) 555-4411,USA
b754a0d9-51ee-4890-a69d-1e224840a1a8,Riverview Center,7400 Colerain Avenue,Dayton,OH,24900,Montgomery,(937) 555-0199,USA
cc2f502c-dac3-43e5-81c2-54e1fa2dc610,Avondale Plaza,1200 Route. 4,Dayton,OH,95747,Montgomery,(614) 555-3777,USA
2d16c6ae-865a-4348-a802-467039f23148,CEDAR RIDGE,9877 Glenway Avenue,Mason,IN,12336,Warren,(937) 555-0199,USA
11fefb33-f472-45cc-a504-86b1a3799fe1,Cedar Ridge,301 Reading Road,Cincinnati,OH,96853,Hamilton,(513) 555-0101,USA
1b7612c3-ae82-46fe-9a1e-3a3d986d1c87,Avondale Plaza,1200 Route. 4,Mason,OH,29655,Warren,(859) 555-4411,USA
2049fcca-84c6-449e-9ee4-d61ee694bce3,Riverview Center,301 Reading Road,Cincinnati,OH,97572,Hamilton,(513) 555-0101,USA
d7cbf52b-012d-4da0-b1dd-a3d7810d784f,CEDAR RIDGE,1200 Route. 4,Columbus,IN,79037,Franklin,(937) 555-0199,USA
41dbf704-ece9-4027-b141-6469ec6bc161,CEDAR RIDGE,7400 Colerain Avenue,Mason,IN,28883,Warren,(614) 555-3777,USA
f41e0a01-aa4b-46ed-80ac-34cd3a2393ac,Avondale Plaza,55 Main Street,Cincinnati,OH,59648,Hamilton,(859) 555-4411,USA
648a5fda-e198-48c2-8426-03287fb131ee,Riverview Center,7400 Colerain Avenue,Cincinnati,OH,39989,Hamilton,(859) 555-4411,USA
39748edf-0af9-4bfe-ae19-ceaa80a08396,Northpoint Commons,301 Reading Road,Mason,OH,61321,Warren,(513) 555-0101,USA
c4520e6b-2536-4368-8916-bd3d08f95c35,Cedar Ridge,301 Reading Road,Dayton,OH,44311,Montgomery,(614) 555-3777,USA
aef54b3d-9f35-4ec8-95d7-751948c41fca,CEDAR RIDGE,9877 Glenway Avenue,Cincinnati,KY,31716,Hamilton,(859) 555-4411,USA
040f760c-295b-49b7-b566-c5c4530c30c9,Hamilton Works,9877 Glenway Avenue,Dayton,OH,16848,Montgomery,(513) 555-0101,USA
7d6dba6a-399e-451a-90dd-43519ba7ee22,NORTHPOINT COMMONS,55 Main Street,Cincinnati,OH,41853,Hamilton,(859) 555-4411,USA
6aa5749e-7877-4df2-a82a-bd13dd96f664,Hamilton Works,7400 Colerain Avenue,Cincinnati,OH,17334,Hamilton,(513) 555-0101,USA
6cf84c5b-a3c6-4581-ae52-982fbf41cfc1,Northpoint Commons,55 Main Street,Columbus,IN,55521,Franklin,(513) 555-0101,USA
63741f38-2d6f-4541-9165-1974709b349d,Northpoint Commons,7400 Colerain Avenue,Mason,OH,83187,Warren,(859) 555-4411,USA
2224f1ca-74c8-4957-905a-0592101e9930,HAMILTON WORKS,7400 Colerain Avenue,Dayton,OH,76242,Montgomery,(614) 555-3777,USA
ceb8892b-fca4-43f5-a772-3f4c3073a1b4,Avondale Plaza,301 Reading Road,Mason,OH,86780,Warren,(937) 555-0199,USA
380cde20-9270-436e-8408-53ceba32064b,Northpoint Commons,7400 Colerain Avenue,Mason,OH,59683,Warren,(937) 555-0199,USA
b6b85830-a28e-4e25-aa60-98a7ae6d083c,Cedar Ridge,7400 Colerain Avenue,Columbus,KY,47345,Franklin,(614) 555-3777,USA
dbc79610-f4bf-42ea-a8db-58cff35e0afb,Riverview Center,55 Main Street,Mason,OH,11633,Warren,(614) 555-3777,USA
23004dc8-c2cb-4ab5-bdc2-de6485ae19c5,Cedar Ridge,1200 Route. 4,Dayton,KY,73909,Montgomery,(513) 555-0101,USA
e5f4995a-7c9a-4942-b03c-a18efda520aa,Avondale Plaza,9877 Glenway Avenue,Dayton,OH,57165,Montgomery,(937) 555-0199,USA
8d39c024-6842-4f70-8264-dacc45af9382,Cedar Ridge,1200 Route. 4,Columbus,OH,33697,Franklin,(937) 555-0199,USA
33edd6f0-11e0-4bf6-926b-0222757fc9a8,Hamilton Works,301 Reading Road,Cincinnati,IN,81083,Hamilton,(859) 555-4411,USA
042abc4e-f021-4d95-9f7d-65e847f372cc,Avondale Plaza,301 Reading Road,Hamilton,OH,51304,Butler,(614) 555-3777,USA
87a77cd3-e9b3-4bb7-9557-42af88ef74d5,Northpoint Commons,9877 Glenway Avenue,Dayton,KY,70394,Montgomery,(937) 555-0199,USA
6c8d027b-4738-4ac7-a901-2a6cc3d120a5,Northpoint Commons,301 Reading Road,Mason,KY,11633,Warren,(614) 555-3777,USA
7990c561-e50c-413a-a3b9-41d8d9e33790,Hamilton Works,55 Main Street,Hamilton,KY,84576,Butler,(513) 555-0101,USA
7dccdc8e-6c7b-4dfb-a5f8-99f4eb5582a3,Hamilton Works,9877 Glenway Avenue,Hamilton,IN,74451,Butler,(859) 555-4411,USA
89ccaf04-63d6-473a-b986-16d46e8fe5a2,Northpoint Commons,55 Main Street,Cincinnati,OH,80774,Hamilton,(937) 555-0199,USA
c3c0c39e-f1c9-4bc2-83be-7cf4b2d548d1,Cedar Ridge,1200 Route. 4,Mason,OH,61363,Warren,(614) 555-3777,USA
1816c3b3-762f-46c1-81bc-78b0744bf479,HAMILTON WORKS,9877 Glenway Avenue,Hamilton,OH,88636,Butler,(937) 555-0199,USA
1d4bb54a-0f3a-4c52-a457-71e3de2ac0f5,NORTHPOINT COMMONS,7400 Colerain Avenue,Columbus,OH,36343,Franklin,(937) 555-0199,USA
aa8238b8-fecb-4ce1-b0cd-5c24b384b925,Northpoint Commons,55 Main Street,Mason,OH,65769,Warren,(859) 555-4411,USA
0a138de0-6309-49fe-85b9-996db1362029,RIVERVIEW CENTER,7400 Colerain Avenue,Mason,OH,97424,Warren,(513) 555-0101,USA
0ec5683d-efa1-48e5-a4db-7a3e113fdd96,Hamilton Works,1200 Route. 4,Columbus,OH,51304,Franklin,(937) 555-0199,USA
3ba3fc34-007b-4812-aace-1654ecbbb1c3,Avondale Plaza,1200 Route. 4,Mason,OH,50013,Warren,(859) 555-4411,USA
63ae8cd8-d252-4b38-868b-c23420809932,Avondale Plaza,1200 Route. 4,Dayton,KY,80835,Montgomery,(937) 555-0199,USA
157bead8-d7a4-45fa-9758-3feffe5e63c0,Avondale Plaza,9877 Glenway Avenue,Dayton,KY,70415,Montgomery,(937) 555-0199,USA
961595ff-d126-49a6-8ba7-492d22fc59d8,Riverview Center,55 Main Street,Hamilton,IN,93089,Butler,(859) 555-4411,USA
7169fe83-9565-4eb8-bb6d-0abfbf557b19,Hamilton Works,301 Reading Road,Mason,KY,94640,Warren,(513) 555-0101,USA
592de029-6c7b-4f0e-adef-d39f4cc3276b,Riverview Center,9877 Glenway Avenue,Mason,OH,62263,Warren,(859) 555-4411,USA
114664c5-d740-4e53-8a41-963e377f7e1f,Riverview Center,7400 Colerain Avenue,Mason,KY,94376,Warren,(513) 555-0101,USA
243583ca-065e-4dba-a172-6618bf6dbad4,Riverview Center,301 Reading Road,Mason,OH,92467,Warren,(859) 555-4411,USA
826d4c09-8bec-4090-be37-b376556c5066,Hamilton Works,7400 Colerain Avenue,Mason,OH,79096,Warren,(859) 555-4411,USA
3379d2bb-f981-402f-a6db-1e816c7bc029,Hamilton Works,301 Reading Road,Dayton,KY,60518,Montgomery,(859) 555-4411,USA
3983f6bb-d701-4315-b1ba-39112643f44d,Riverview Center,301 Reading Road,Mason,OH,43144,Warren,(859) 555-4411,USA
c9b3f2f3-b63d-4e36-a87a-1c7d9bf092ff,Hamilton Works,301 Reading Road,Columbus,IN,79096,Franklin,(513) 555-0101,USA
5c347ebb-1498-4bbc-ba0e-6de94765f0eb,Hamilton Works,301 Reading Road,Dayton,OH,66307,Montgomery,(614) 555-3777,USA
72b9233a-8599-4343-b20b-b04f11f2eaf8,Cedar Ridge,9877 Glenway Avenue,Hamilton,OH,46127,Butler,(937) 555-0199,USA
969f2277-48fb-4098-bf1c-37b99e7f2dac,Northpoint Commons,1200 Route. 4,Dayton,KY,91090,Montgomery,(859) 555-4411,USA
70d5194f-de24-4c1b-b483-1029a91ebde7,Northpoint Commons,301 Reading Road,Dayton,IN,93089,Montgomery,(513) 555-0101,USA
39de6212-1b26-4f41-931d-4a83509dedc5,Northpoint Commons,301 Reading Road,Hamilton,IN,16610,Butler,(513) 555-0101,USA
4b8cab89-aece-43c0-8fd3-52d1adea65f6,Hamilton Works,9877 Glenway Avenue,Columbus,IN,87882,Franklin,(614) 555-3777,USA
e1c4d3c3-a3fb-45d5-a381-ab59cc1e0aac,Avondale Plaza,9877 Glenway Avenue,Columbus,IN,35797,Franklin,(859) 555-4411,USA
a4558def-60d5-4724-a13f-0ae438e4aeee,Northpoint Commons,301 Reading Road,Mason,OH,18564,Warren,(513) 555-0101,USA
bac3710b-eebe-43ce-91aa-443b84a4006a,Northpoint Commons,301 Reading Road,Cincinnati,IN,15616,Hamilton,(937) 555-0199,USA
6342dc63-7f22-4f16-ad09-6d8237f5e42d,RIVERVIEW CENTER,7400 Colerain Avenue,Cincinnati,OH,17031,Hamilton,(513) 555-0101,USA
ab2a2abe-0874-4c71-a47d-ab4eee27665a,Cedar Ridge,301 Reading Road,Hamilton,OH,46127,Butler,(614) 555-3777,USA
12aed788-2a65-4ad5-8746-e4809f9927a3,CEDAR RIDGE,7400 Colerain Avenue,Hamilton,IN,44311,Butler,(859) 555-4411,USA
6ca853d6-1559-464a-8055-79340dbae2d9,Avondale Plaza,1200 Route. 4,Mason,OH,15616,Warren,(937) 555-0199,USA
6b69d28d-3767-4bd0-80bd-db394e74afc4,Riverview Center,7400 Colerain Avenue,Columbus,IN,15160,Franklin,(614) 555-3777,USA
9243f726-6939-496a-9cbe-1d8239143bb2,Northpoint Commons,301 Reading Road,Cincinnati,OH,57014,Hamilton,(614) 555-3777,USA
3fef09cd-aca3-45f1-9527-cfe224e9716e,Hamilton Works,55 Main Street,Hamilton,OH,61504,Butler,(937) 555-0199,USA
3009456a-1797-4a1b-ae61-f505166aa3e5,Hamilton Works,55 Main Street,Hamilton,OH,61504,Butler,(937) 555-0199,USA
59ddc7b9-9585-46c3-bff5-83508052a5ab,Riverview Center,1200 Route. 4,Columbus,KY,28883,Franklin,(513) 555-0101,USA
fe6d2aed-3c10-4f5d-864d-f799a7ef8bd3,Riverview Center,1200 Route. 4,Hamilton,OH,70394,Butler,(859) 555-4411,USA
b7e8b42b-8e20-43e6-9b60-a4860ff15ad4,Hamilton Works,7400 Colerain Avenue,Hamilton,KY,50743,Butler,(937) 555-0199,USA
54eacdea-f07a-4a7e-95ff-25ef895b134a,Hamilton Works,55 Main Street,Dayton,OH,23708,Montgomery,(937) 555-0199,USA
1f52eaf7-4ca1-46ae-9e4f-5a272904cd58,Riverview Center,7400 Colerain Avenue,Hamilton,OH,82459,Butler,(513) 555-0101,USA
db865062-6f26-47d1-a108-3743c21aaecc,Northpoint Commons,301 Reading Road,Columbus,OH,94057,Franklin,(859) 555-4411,USA
1371776b-e038-4805-af0d-5555116b86fa,Northpoint Commons,301 Reading Road,Columbus,OH,94057,Franklin,(859) 555-4411,USA
55cb4734-2fc2-45e7-a40f-6694710f6b06,Hamilton Works,1200 Route. 4,Mason,KY,91090,Warren,(937) 555-0199,USA
b8b733fe-a260-4498-9c75-578ad5a1445b,Cedar Ridge,7400 Colerain Avenue,Dayton,OH,90137,Montgomery,(513) 555-0101,USA
a9f62c90-0c85-44dc-b5a5-f418f9b5c1bc,CEDAR RIDGE,9877 Glenway Avenue,Mason,OH,61363,Warren,(937) 555-0199,USA
8b79552b-9a92-4488-af4d-8f7c7e27abf6,Riverview Center,7400 Colerain Avenue,Dayton,KY,18564,Montgomery,(937) 555-0199,USA
74e9ce88-32ad-4465-82cb-624bc2079177,CEDAR RIDGE,55 Main Street,Cincinnati,OH,13963,Hamilton,(859) 555-4411,USA
913125d0-5d8d-468d-ad01-b450b15be2ef,CEDAR RIDGE,55 Main Street,Cincinnati,OH,13963,Hamilton,(859) 555-4411,USA
3202ca34-0982-460d-bde3-edc12ebbd582,Riverview Center,7400 Colerain Avenue,Hamilton,OH,41853,Butler,(937) 555-0199,USA
f8de12ed-109f-4c27-8c6e-9a207fb0d028,Avondale Plaza,1200 Route. 4,Columbus,KY,56217,Franklin,(937) 555-0199,USA
353aa833-a53b-44f2-a0c6-5bd9facc37ef,Avondale Plaza,9877 Glenway Avenue,Mason,OH,52162,Warren,(859) 555-4411,USA
ce247125-741d-424b-8ab0-f4992a2bb4a3,Riverview Center,55 Main Street,Columbus,OH,84987,Franklin,(513) 555-0101,USA
f317747f-1264-4154-9118-07961ac6c02c,Cedar Ridge,7400 Colerain Avenue,Mason,OH,30390,Warren,(614) 555-3777,USA
46abf185-bebb-42d6-8995-c48b05b22fde,Hamilton Works,7400 Colerain Avenue,Dayton,KY,79264,Montgomery,(614) 555-3777,USA
47431c52-9806-4b70-b265-a147e6f8e466,NORTHPOINT COMMONS,7400 Colerain Avenue,Dayton,IN,53619,Montgomery,(859) 555-4411,USA
8acd5dfe-2091-4e92-9ae3-1a50181f564b,Cedar Ridge,1200 Route. 4,Hamilton,IN,59865,Butler,(859) 555-4411,USA
eb6a1127-657a-4b11-be59-b2a3bb3f9ec3,Hamilton Works,301 Reading Road,Cincinnati,OH,50743,Hamilton,(937) 555-0199,USA
10e6d0d7-789c-4569-9890-6a4cfce94f0f,Hamilton Works,301 Reading Road,Cincinnati,OH,60955,Hamilton,(614) 555-3777,USA
1568a491-c469-471c-9a25-556972ac4e4d,Hamilton Works,1200 Route. 4,Columbus,OH,21244,Franklin,(614) 555-3777,USA
f3341b63-2d6c-4b20-b5f2-34f883eaaf47,CEDAR RIDGE,55 Main Street,Hamilton,OH,15751,Butler,(513) 555-0101,USA
c82ba2c0-2431-49d2-be8c-d5b0d97e606a,NORTHPOINT COMMONS,55 Main Street,Columbus,OH,95579,Franklin,(614) 555-3777,USA
de9ecd1c-9c83-4107-817e-da0890a06832,Hamilton Works,7400 Colerain Avenue,Mason,OH,28883,Warren,(513) 555-0101,USA
2656cc02-65ab-416c-b97d-5cd4c859ffe6,Hamilton Works,7400 Colerain Avenue,Mason,OH,28883,Warren,(513) 555-0101,USA
c47a39d5-1116-4f00-b822-f5df3aee37d6,Northpoint Commons,301 Reading Road,Hamilton,OH,37317,Butler,(937) 555-0199,USA
f8466b6f-cc4c-4904-877d-df0f9c340717,Riverview Center,55 Main Street,Hamilton,IN,88769,Butler,(859) 555-4411,USA
21202444-c909-44dc-8ac0-a4025ca6cc30,RIVERVIEW CENTER,7400 Colerain Avenue,Columbus,OH,16848,Franklin,(859) 555-4411,USA
a70ef168-7527-492a-b81c-14d8395f59ef,Riverview Center,301 Reading Road,Cincinnati,OH,90137,Hamilton,(614) 555-3777,USA
4dc177b7-1336-43e1-ad3a-4b6d480e77d4,Riverview Center,55 Main Street,Cincinnati,IN,73909,Hamilton,(937) 555-0199,USA
33de531e-6af8-4d89-b633-29af99f161ac,Riverview Center,55 Main Street,Dayton,OH,46072,Montgomery,(859) 555-4411,USA
8a14b45d-c4ab-4bc3-94da-93ce8e9d15b6,Hamilton Works,9877 Glenway Avenue,Hamilton,KY,16610,Butler,(513) 555-0101,USA
8ff96309-aad8-4de4-89f8-928096dfd733,HAMILTON WORKS,9877 Glenway Avenue,Columbus,IN,64726,Franklin,(859) 555-4411,USA
e1d0dd2c-f747-42dc-9a67-6c6c9f547562,Avondale Plaza,301 Reading Road,Dayton,OH,50013,Montgomery,(614) 555-3777,USA
b9ac8f12-679b-4cda-9fe2-5c44143525e5,Avondale Plaza,301 Reading Road,Dayton,OH,50013,Montgomery,(614) 555-3777,USA
af4d43a0-6b09-4bc3-9c9b-5a5aa4e458e5,Cedar Ridge,1200 Route. 4,Cincinnati,OH,12246,Hamilton,(937) 555-0199,USA
d09ce3f6-6b59-48a6-b455-5e878ae0be02,Avondale Plaza,55 Main Street,Hamilton,OH,28289,Butler,(614) 555-3777,USA
652c0ef7-d66a-409d-a129-5215a3336735,Cedar Ridge,9877 Glenway Avenue,Dayton,OH,67600,Montgomery,(937) 555-0199,USA
035b317c-6162-4b8f-b470-02d5cc30d193,Hamilton Works,1200 Route. 4,Dayton,IN,15160,Montgomery,(614) 555-3777,USA
67d4b6ba-0e96-4d3e-896f-9f9dca9d3f3d,Cedar Ridge,301 Reading Road,Cincinnati,OH,98717,Hamilton,(513) 555-0101,USA
318d984e-3074-4edc-9f02-09aa9de904dc,Avondale Plaza,7400 Colerain Avenue,Cincinnati,OH,66645,Hamilton,(513) 555-0101,USA
9d4c3b60-987e-4109-8984-188297eef4d5,NORTHPOINT COMMONS,55 Main Street,Columbus,OH,79037,Franklin,(937) 555-0199,USA
ca9524b2-c5c5-4005-b499-0576ed316792,Avondale Plaza,301 Reading Road,Cincinnati,KY,88636,Hamilton,(614) 555-3777,USA
1da90a05-a51f-4da7-92dd-38c42974a8d3,Hamilton Works,55 Main Street,Columbus,OH,59648,Franklin,(513) 555-0101,USA
8bbb3f5a-9844-4743-a7cc-24782fb99e29,Hamilton Works,1200 Route. 4,Hamilton,IN,18821,Butler,(614) 555-3777,USA
d13076cd-7380-4666-9711-3ba4547c4f26,Cedar Ridge,9877 Glenway Avenue,Hamilton,OH,91090,,(859) 555-4411,USA
27c65d28-e98a-4d49-b6cb-34a91597640d,AVONDALE PLAZA,55 Main Street,Dayton,IN,61321,Montgomery,(859) 555-4411,USA
6d18e41f-9380-4aa1-8a49-d6f5bd2e7877,Northpoint Commons,9877 Glenway Avenue,Mason,OH,17334,Warren,(859) 555-4411,USA
b4c972df-e6a6-4322-809e-9af1154c29df,Avondale Plaza,9877 Glenway Avenue,Cincinnati,KY,14868,Hamilton,(937) 555-0199,USA
2dc9be02-69b2-4da0-9aff-f64724293e54,Cedar Ridge,9877 Glenway Avenue,Hamilton,OH,30852,Butler,(937) 555-0199,USA
19198023-31c9-48f3-a381-78d912f3f436,Hamilton Works,9877 Glenway Avenue,Hamilton,OH,47345,Butler,(937) 555-0199,USA
4b6bf802-1776-4f51-acc7-a974cd176460,Hamilton Works,55 Main Street,Hamilton,OH,17334,Butler,(513) 555-0101,USA
ab3a1889-106d-4314-81bb-f09a6c3ba995,NORTHPOINT COMMONS,1200 Route. 4,Columbus,OH,78870,Franklin,(859) 555-4411,USA
32d278f9-4583-49c5-a26a-dca4ad21e61f,RIVERVIEW CENTER,301 Reading Road,Columbus,OH,71500,Franklin,(513) 555-0101,USA
cf12f4e4-7f81-4e3a-8ed0-4be608512283,Avondale Plaza,55 Main Street,Mason,KY,87882,Warren,(513) 555-0101,USA
1cca2f6a-cedb-4919-8892-0c285e0facca,Avondale Plaza,7400 Colerain Avenue,Mason,IN,84537,Warren,(859) 555-4411,USA
836ba95c-4fa9-4405-8f74-dff442e14af6,Northpoint Commons,1200 Route. 4,Hamilton,OH,59865,Butler,(614) 555-3777,USA
be35eff7-9420-469b-b941-20956516fb5d,Cedar Ridge,7400 Colerain Avenue,Columbus,IN,47345,Franklin,(937) 555-0199,USA
79ca4dd7-61e5-42a6-ab84-be567d185505,Cedar Ridge,7400 Colerain Avenue,Columbus,IN,47345,Franklin,(937) 555-0199,USA
8a82be16-d163-4861-bf5e-d7b23589efb3,Northpoint Commons,9877 Glenway Avenue,Columbus,IN,60292,Franklin,(937) 555-0199,USA
3213acd0-6266-4e44-9464-1836d36afd1b,Northpoint Commons,55 Main Street,Cincinnati,IN,59865,Hamilton,(937) 555-0199,USA
eed4a589-2662-4a9c-b813-a941e33846a0,Hamilton Works,1200 Route. 4,Columbus,KY,91523,Franklin,(614) 555-3777,USA
21efed44-9b00-41fc-966d-28f5dc8bdcac,Northpoint Commons,55 Main Street,Hamilton,OH,28289,Butler,(937) 555-0199,USA
9dac8e9d-f1f7-4a6f-9f06-8c275250b496,Hamilton Works,1200 Route. 4,Dayton,OH,34246,Montgomery,(614) 555-3777,USA
8e0b8998-6b24-49d1-9a26-c6f1ca1e4756,Avondale Plaza,301 Reading Road,Hamilton,KY,18821,Butler,(859) 555-4411,USA
f0dd15f3-4502-4fea-b023-e9d94e49241a,Hamilton Works,1200 Route. 4,Columbus,OH,96998,Franklin,(937) 555-0199,USA
bdba2385-34b2-46e6-b18c-dfbf814ddf33,Northpoint Commons,301 Reading Road,Dayton,OH,50743,Montgomery,(937) 555-0199,USA
85de8837-b9a8-4a56-a9d7-cdebbf2a69f1,Northpoint Commons,7400 Colerain Avenue,Hamilton,OH,96019,Butler,(859) 555-4411,USA
bac53f82-8141-4cd4-b0d7-54e4953535fd,Cedar Ridge,1200 Route. 4,Columbus,KY,70465,Franklin,(513) 555-0101,USA
b2e866e4-3469-4692-9134-de07e1a00de4,Cedar Ridge,9877 Glenway Avenue,Dayton,OH,91836,Montgomery,(513) 555-0101,USA
