WOId,SiteId,Title,DueInDays,Status
6f77119c-7958-41a0-b176-e81b4c0b69c6,6cba7397-c171-4657-850d-249cf2dbef68,Initial Intake Cleanup,30,Open
fe26f304-06e3-4094-aa07-ab1407ec09b9,818a272a-e583-45b1-9431-d1505478a61a,Initial Intake Cleanup,30,Open
9fb50866-5a52-44db-a184-e47c73c51118,338ea4ff-5f99-43d1-ab21-a2058b2a794e,Initial Intake Cleanup,30,Open
66062508-7b9b-4fa5-849d-dae2e24b4de8,cf96af23-2e9b-498a-83b3-e227880f6c98,Initial Intake Cleanup,30,Open
d3159d33-4a5b-4448-b12b-f55dc55bce30,37a04b93-a8e2-4002-b1d2-527a66097618,Initial Intake Cleanup,30,Open
e55649ab-cb50-490c-b264-f311071d46ff,ce189e32-ff70-419a-9250-0c5c5cd49567,Initial Intake Cleanup,30,Open
c09de896-350d-40dd-a942-bad8b4df2c57,ad960e20-bbb6-48d0-8696-febf42319268,Initial Intake Cleanup,30,Open
1304ef44-5b22-47f2-b0e9-b9698f3516e9,c065f299-76e3-44d0-a6bf-399f6a408c20,Initial Intake Cleanup,30,Open
22e6ded6-637c-4417-916e-1e0ae16b2d94,753966d4-c2cc-4ef7-ba6d-5f6444c2c33f,Initial Intake Cleanup,30,Open
cc0ef8ff-9a24-4000-86b7-6b2d72128d2a,f3023bdb-98ec-4ffd-8895-8a028b7667d3,Initial Intake Cleanup,30,Open
5663f921-8cc5-4573-bf76-5db08e1bc438,7b556c72-365d-41f0-94c1-ea72a6a1bb1c,Initial Intake Cleanup,30,Open
69c21ded-d0e6-46e7-bd32-bf8222287ff4,817168af-7ca0-4b74-bf54-b714673214bb,Initial Intake Cleanup,30,Open
1b10394b-1c9b-42b7-9d59-609f24ff7a7e,ea8cdbe1-c647-4437-8abf-ff94486340c6,Initial Intake Cleanup,30,Open
a17f2106-9978-4402-8b71-5c6a20c4f073,b0cde26b-7deb-4645-95de-49fdfbd6b9c8,Initial Intake Cleanup,30,Open
a6dfedab-4b4a-4cbb-8fed-427a023414f4,5fbb9fbe-a9b6-46be-ad54-830a3317927f,Initial Intake Cleanup,30,Open
9f27f0dd-d3c6-4baa-8302-f566b942e561,7e9f7785-7d09-47d0-bb24-d43e15d0b26d,Initial Intake Cleanup,30,Open
054e50a8-74be-49b8-b5e2-e16d8df3f780,fe145449-8be2-44a1-9730-1157661208f3,Initial Intake Cleanup,30,Open
aec098e3-2396-4774-aeff-4ad5f4d3e0ca,282d1300-64fa-40c3-9364-8d4a5c432233,Initial Intake Cleanup,30,Open
e67c3b27-8e0b-4c42-87df-341c331e904d,ce15953a-38b0-41d4-b737-70743f459005,Initial Intake Cleanup,30,Open
00ba0fc3-49ea-431e-8578-48fa6c8d2a8b,560dc5a4-82a0-4a54-ab36-81af3618d814,Initial Intake Cleanup,30,Open
e3e80421-e8dd-4d3b-8a54-3a09380a6cd4,e57a79b3-39af-4845-bef0-1cfcb453c7dd,Initial Intake Cleanup,30,Open
20a92281-ad0e-49a0-b6d6-9e2fb10d38ad,a0980449-a804-4df5-a8e7-c0973358d071,Initial Intake Cleanup,30,Open
27307dc6-2a1d-4a94-aa31-73f51a4253b2,2f865260-e8dc-4895-943b-44667e95f27a,Initial Intake Cleanup,30,Open
914c641f-2cfc-40c1-afcf-b0adaf8cf21f,9d9c87bf-1f28-4c92-9d40-e9667b91faa0,Initial Intake Cleanup,30,Open
3cc878cc-ec73-42f9-9f98-099255e17925,e5d6545c-15c5-4969-8fad-a2d4e69ebd41,Initial Intake Cleanup,30,Open
9406679f-500e-432a-81d0-46709797d681,bfd9af2b-be35-4cf2-a2c4-e8d4dca7531b,Initial Intake Cleanup,30,Open
823f7f44-67d5-446d-b5d2-c6358d40321e,2fdf9407-804a-4d07-9cde-8e08b78f3fec,Initial Intake Cleanup,30,Open
7b8178af-7378-40d8-bfa1-3c7b8348d84a,116b802c-3033-4808-9e4c-69263d7afe56,Initial Intake Cleanup,30,Open
1e7856cd-0e51-4178-819b-1821c6e732b5,edd21fef-bc70-4626-bcc9-d2371d233f7c,Initial Intake Cleanup,30,Open
55b5b94e-ab80-448e-9a29-eb3722fa6c6f,b64da089-b55c-4e87-baef-55cd77355c11,Initial Intake Cleanup,30,Open
b0194dcd-0a66-4853-a889-3463189a4031,c80abcfe-e83a-47bb-af5a-428e63a16d58,Initial Intake Cleanup,30,Open
48b15e48-0601-4f00-a310-13a630efde3a,3e38a5eb-c3a8-4e20-ad42-98e52b63405e,Initial Intake Cleanup,30,Open
425dfade-f41e-45dd-b3e4-4c35fb453340,15a062cd-881d-4270-872d-c221d84ea76b,Initial Intake Cleanup,30,Open
f7e1ca27-44ab-4397-9bd5-577d26a7c1d1,d198aebd-42e2-4177-adbd-f492bb5bd250,Initial Intake Cleanup,30,Open
6ed5f532-e852-485e-b91e-afcccf28ccef,3c92f962-373e-4cc2-b4ce-73d1ba658c9b,Initial Intake Cleanup,30,Open
799f5e3a-b716-4b3e-85b9-be5d5279ddbd,6ffdbc08-2c48-474f-9a84-9bc8203ecaa9,Initial Intake Cleanup,30,Open
1c8f08de-7a91-4ab9-a502-16ba5ddcf44f,c9121baa-c989-4eea-93d1-cfb95c2a7554,Initial Intake Cleanup,30,Open
d06f690a-7c31-43ee-8dc9-ad063fb395a0,921aee02-3703-4a03-bae1-dd35fb48be34,Initial Intake Cleanup,30,Open
91cb5c5b-75b3-4ba4-8221-e8259d661ab5,3164db58-e716-4d31-bd56-9c1a2f5ba759,Initial Intake Cleanup,30,Open
7a6ddeb3-462b-4c8a-8a70-d4ac676842fa,8a814ea7-a6ab-488f-b57f-02061ef651e7,Initial Intake Cleanup,30,Open
48e44a8e-69f7-458c-b506-c9113d451402,43ef74b1-9fde-4f64-ac71-43f0377e8c60,Initial Intake Cleanup,30,Open
346057d0-f7cb-43e7-ba88-68708c20f842,b39fd0e4-ea17-4032-9f16-3d26d9395d85,Initial Intake Cleanup,30,Open
06dfa701-7fec-4379-beb2-b2faac9cbbe2,ecb10de5-bb14-4ebe-bdd7-b7d9e7345c3a,Initial Intake Cleanup,30,Open
58909735-84ac-4e70-a681-725046f5534b,03967321-545b-4251-88ef-d5c94dcac68c,Initial Intake Cleanup,30,Open
4155c32d-e0d1-4915-ad02-4f8b2fc07854,cc6adea3-dcc3-46a0-b660-20cc2fad3ad8,Initial Intake Cleanup,30,Open
3e3fb4b3-7b94-4af2-bc41-50d1a2a3ddd2,4ee85663-4fbe-4e6c-81a4-6069e56a04ee,Initial Intake Cleanup,30,Open
cd2468d5-89bf-43e4-9f1d-f5f6edeb1dcb,dc9cb7ad-1f77-4fea-a82b-9ea68a9f2281,Initial Intake Cleanup,30,Open
84bb23f7-45e9-42d6-9ad9-1635b84562d4,dab8b37f-8e4e-4039-89da-04b7d7a4a96c,Initial Intake Cleanup,30,Open
08ec534c-d2ad-4925-9586-2dcbdffc292e,528fa987-3f02-4ad7-9ee6-929ca3db87c9,Initial Intake Cleanup,30,Open
8f0bf25a-3d75-4a7d-abbf-caa33ebac4a5,6a71dc30-202b-4eed-bfa6-65f41b858565,Initial Intake Cleanup,30,Open
acebf345-dcc6-4f3d-80a6-569bff52ea26,cee884d9-0427-4b24-bf81-23aced72fc2c,Initial Intake Cleanup,30,Open
35d57218-5a6e-4970-a959-298ae54c28d9,b80e51d7-0978-4d5f-ab0e-c96ef53742e0,Initial Intake Cleanup,7,Open
107d7340-9be4-4e83-9e54-de3bdddb3659,b4b24d64-aaf3-4b42-9adf-08c86d99fa66,Initial Intake Cleanup,30,Open
f8080b83-d3ef-4a15-a870-7b0b6fab596c,2394cd36-3f12-4558-a325-9170eea003cd,Initial Intake Cleanup,30,Open
844301ef-b108-4f91-92cf-91f93e0e4ca8,c7546429-4358-4ec6-82fb-df65e713b6fe,Initial Intake Cleanup,30,Open
49a58ff7-f05f-4a51-8551-9b1cf2d24c78,378df7da-843a-432d-b0aa-02f389a396d8,Initial Intake Cleanup,30,Open
d91d7389-e0ba-46d7-9bae-ec4708cc69f4,282ba953-1794-45ec-81ba-a1dab276680b,Initial Intake Cleanup,30,Open
3211cd5f-eb39-4dd6-98b0-935fe2d0f599,1a126cd0-de9d-46a7-a7b0-11d4a1c04086,Initial Intake Cleanup,30,Open
4b23c582-1fb5-4eda-a266-039f65363435,30435f74-a865-49eb-8a6e-9eeb425c8a67,Initial Intake Cleanup,30,Open
24705d3a-906f-4e58-8c74-ba37c9a0118d,3c2f470b-99ee-4c07-bee9-e548160306f0,Initial Intake Cleanup,30,Open
d8a36a05-eb49-4a21-97f7-dc2907580d35,b403253c-824e-402a-b704-51cf90cfbc0e,Initial Intake Cleanup,30,Open
37333e0c-d388-49f0-8a73-2c6ac4b57fc7,6f6a3063-79b9-4f7a-9a87-63170bf01ee6,Initial Intake Cleanup,30,Open
2c46cee3-84ad-4abc-94cc-7a376db0873d,32a254f2-0c2a-4859-ac21-3e9b2dc0c22c,Initial Intake Cleanup,30,Open
1bed6eed-7a5f-449e-b282-ba15102972a9,aecdeec8-0866-4fef-9536-1e544717600e,Initial Intake Cleanup,30,Open
d01dc294-9862-4afd-aaf5-49afebd06833,63e97bed-a8f5-4751-9b3b-a653e947588a,Initial Intake Cleanup,30,Open
0c006f46-8dbe-40af-9026-d89e55bc1ec8,fd3e0fda-a55c-45b1-b54e-23a9398c3f4a,Initial Intake Cleanup,30,Open
cc1722fa-1a41-4eff-87c1-c69ae79ca46a,88073a84-1e00-4f31-8308-38ff3f53d913,Initial Intake Cleanup,30,Open
8515f15b-d911-46ae-bc63-bc5e1f3330c3,b754a0d9-51ee-4890-a69d-1e224840a1a8,Initial Intake Cleanup,30,Open
e118fd19-03bf-43d6-83a8-d9efbd774ff5,cc2f502c-dac3-43e5-81c2-54e1fa2dc610,Initial Intake Cleanup,30,Open
c86e44df-765b-4e07-8597-9d6061a61fc8,2d16c6ae-865a-4348-a802-467039f23148,Initial Intake Cleanup,30,Open
b1379ebf-1044-4df0-8161-55680d95a475,11fefb33-f472-45cc-a504-86b1a3799fe1,Initial Intake Cleanup,30,Open
c46a525c-da46-4d04-84ba-6b923a865903,1b7612c3-ae82-46fe-9a1e-3a3d986d1c87,Initial Intake Cleanup,30,Open
954ecc75-f2f0-46e9-a357-42f27f7d8fbd,2049fcca-84c6-449e-9ee4-d61ee694bce3,Initial Intake Cleanup,30,Open
e08accc6-d4ba-4905-b146-6fe41fcd228a,d7cbf52b-012d-4da0-b1dd-a3d7810d784f,Initial Intake Cleanup,30,Open
a8c9fb61-32de-47c0-9e4e-aa09c52709f8,41dbf704-ece9-4027-b141-6469ec6bc161,Initial Intake Cleanup,30,Open
c9185275-5bfb-40e2-b653-07e019bb01fc,f41e0a01-aa4b-46ed-80ac-34cd3a2393ac,Initial Intake Cleanup,30,Open
b491d924-7225-4b13-991b-a593c15f1248,648a5fda-e198-48c2-8426-03287fb131ee,Initial Intake Cleanup,30,Open
23907837-f64e-4d97-8bb8-a311594028eb,39748edf-0af9-4bfe-ae19-ceaa80a08396,Initial Intake Cleanup,30,Open
1db983b9-0b3b-47e4-937c-ae90de064fde,c4520e6b-2536-4368-8916-bd3d08f95c35,Initial Intake Cleanup,30,Open
c89f6e66-503e-4f29-8af6-72415808286b,aef54b3d-9f35-4ec8-95d7-751948c41fca,Initial Intake Cleanup,30,Open
0122da05-79ee-4b90-9252-87622869f517,040f760c-295b-49b7-b566-c5c4530c30c9,Initial Intake Cleanup,7,Open
3e1855ad-06d3-4f2c-8774-fb51dca499c0,7d6dba6a-399e-451a-90dd-43519ba7ee22,Initial Intake Cleanup,30,Open
039d6503-f122-4f29-998f-106a5d302c49,6aa5749e-7877-4df2-a82a-bd13dd96f664,Initial Intake Cleanup,30,Open
57a0bfdb-8d6d-403f-9684-9ba81d9c2090,6cf84c5b-a3c6-4581-ae52-982fbf41cfc1,Initial Intake Cleanup,30,Open
3c02c91e-058e-421a-b31e-fe405e5eb279,63741f38-2d6f-4541-9165-1974709b349d,Initial Intake Cleanup,30,Open
381694a1-fa9c-41de-9bd2-e7676e217aa2,2224f1ca-74c8-4957-905a-0592101e9930,Initial Intake Cleanup,30,Open
73142c97-987a-4482-82b9-95b22df0801d,ceb8892b-fca4-43f5-a772-3f4c3073a1b4,Initial Intake Cleanup,30,Open
cd84f953-4cfa-4345-ba38-da4c8533687b,380cde20-9270-436e-8408-53ceba32064b,Initial Intake Cleanup,30,Open
bdc0d5d7-c7df-4b8d-bc76-2b894644825e,b6b85830-a28e-4e25-aa60-98a7ae6d083c,Initial Intake Cleanup,30,Open
f335dd73-1ccf-4688-ba4d-634c68d83fb0,dbc79610-f4bf-42ea-a8db-58cff35e0afb,Initial Intake Cleanup,30,Open
2fa75e8a-a195-41f9-8a66-0b22a163029d,23004dc8-c2cb-4ab5-bdc2-de6485ae19c5,Initial Intake Cleanup,30,Open
a4902fe4-920e-4556-b43b-acbfa44df587,e5f4995a-7c9a-4942-b03c-a18efda520aa,Initial Intake Cleanup,30,Open
f38655ec-c541-4a09-8b11-d36fdfbe0478,8d39c024-6842-4f70-8264-dacc45af9382,Initial Intake Cleanup,30,Open
d59aa850-ecde-4928-987e-f0422628f40f,33edd6f0-11e0-4bf6-926b-0222757fc9a8,Initial Intake Cleanup,30,Open
74e7ef9b-eaef-4b1e-8d9f-7c3d76247b8b,042abc4e-f021-4d95-9f7d-65e847f372cc,Initial Intake Cleanup,30,Open
af27545a-84a1-44c5-86ce-fe5e9b50661a,87a77cd3-e9b3-4bb7-9557-42af88ef74d5,Initial Intake Cleanup,30,Open
4cfacd4f-c1e6-4cad-8819-4b4e51c013ce,6c8d027b-4738-4ac7-a901-2a6cc3d120a5,Initial Intake Cleanup,30,Open
43ec21b9-3396-4901-86ff-983775e18643,7990c561-e50c-413a-a3b9-41d8d9e33790,Initial Intake Cleanup,30,Open
84e1d26b-fa51-4065-9e36-45f48d663883,7dccdc8e-6c7b-4dfb-a5f8-99f4eb5582a3,Initial Intake Cleanup,30,Open
d51cc41e-a970-4982-bc1c-218847a87978,89ccaf04-63d6-473a-b986-16d46e8fe5a2,Initial Intake Cleanup,30,Open
a6cf7cef-48ef-49a1-8503-14cbea6316ec,c3c0c39e-f1c9-4bc2-83be-7cf4b2d548d1,Initial Intake Cleanup,30,Open
c643eb4b-c13a-4dfd-af62-56c7640df557,1816c3b3-762f-46c1-81bc-78b0744bf479,Initial Intake Cleanup,30,Open
906dc981-79a3-4217-bc42-3e93c101142f,1d4bb54a-0f3a-4c52-a457-71e3de2ac0f5,Initial Intake Cleanup,30,Open
120706b7-b486-4a0d-a20c-efe7fbfe2b3d,aa8238b8-fecb-4ce1-b0cd-5c24b384b925,Initial Intake Cleanup,30,Open
ec06710d-8208-452b-b843-14b0fdf8dc76,0a138de0-6309-49fe-85b9-996db1362029,Initial Intake Cleanup,30,Open
c501f2e5-5c0c-46da-b8b1-b3206469b927,0ec5683d-efa1-48e5-a4db-7a3e113fdd96,Initial Intake Cleanup,30,Open
51ca234f-f292-4ef5-9f31-d64127a150d4,3ba3fc34-007b-4812-aace-1654ecbbb1c3,Initial Intake Cleanup,30,Open
6e437fd9-958b-4fbc-a71f-1d3b2d91f9ce,63ae8cd8-d252-4b38-868b-c23420809932,Initial Intake Cleanup,30,Open
c26f3eb0-14e4-49f7-8fff-41b9f7c0f96f,157bead8-d7a4-45fa-9758-3feffe5e63c0,Initial Intake Cleanup,30,Open
301f878f-255d-4283-965a-3f3942a8af1f,961595ff-d126-49a6-8ba7-492d22fc59d8,Initial Intake Cleanup,30,Open
1a7cc9b6-d312-470b-9f7f-6c501e4607e0,7169fe83-9565-4eb8-bb6d-0abfbf557b19,Initial Intake Cleanup,30,Open
c13a6991-f57f-41b7-b995-3713edf1944f,592de029-6c7b-4f0e-adef-d39f4cc3276b,Initial Intake Cleanup,30,Open
b4d8be6a-d7a3-4efb-b497-e6157e36c1e0,114664c5-d740-4e53-8a41-963e377f7e1f,Initial Intake Cleanup,30,Open
868ea295-bd2c-48c2-9be8-e3b92f17a5d7,243583ca-065e-4dba-a172-6618bf6dbad4,Initial Intake Cleanup,30,Open
d46562a2-8fc6-4b0a-85e2-f14a15527c68,826d4c09-8bec-4090-be37-b376556c5066,Initial Intake Cleanup,30,Open
0aad1cfc-f484-4bac-a3d5-03f75ddaa736,3379d2bb-f981-402f-a6db-1e816c7bc029,Initial Intake Cleanup,7,Open
1121f869-ee3a-4b47-a4ab-35b7555aa520,3983f6bb-d701-4315-b1ba-39112643f44d,Initial Intake Cleanup,30,Open
2027487d-b1da-46ea-bc41-9479b7e7066f,c9b3f2f3-b63d-4e36-a87a-1c7d9bf092ff,Initial Intake Cleanup,30,Open
9ea6cd0f-dc3e-42d6-993e-68699629e08f,5c347ebb-1498-4bbc-ba0e-6de94765f0eb,Initial Intake Cleanup,30,Open
b75d5893-dc44-4bdc-873d-45d7f8cbb06a,72b9233a-8599-4343-b20b-b04f11f2eaf8,Initial Intake Cleanup,30,Open
c64c6382-16c8-42c5-825e-fc4b415f65d6,969f2277-48fb-4098-bf1c-37b99e7f2dac,Initial Intake Cleanup,30,Open
94cb8e14-914e-4ed0-ae66-11605ce9bfe0,70d5194f-de24-4c1b-b483-1029a91ebde7,Initial Intake Cleanup,30,Open
39e29016-a41b-40f1-b197-4411e2778664,39de6212-1b26-4f41-931d-4a83509dedc5,Initial Intake Cleanup,30,Open
3653bd61-ba97-4458-9816-7d35a99ccd9f,4b8cab89-aece-43c0-8fd3-52d1adea65f6,Initial Intake Cleanup,30,Open
42920c61-4816-4114-a686-1b96811c0dd0,e1c4d3c3-a3fb-45d5-a381-ab59cc1e0aac,Initial Intake Cleanup,30,Open
566c77cb-ea48-4b59-92d8-1e873e42aa9a,a4558def-60d5-4724-a13f-0ae438e4aeee,Initial Intake Cleanup,30,Open
047a4650-3a56-4446-8756-f2b93af8f88f,bac3710b-eebe-43ce-91aa-443b84a4006a,Initial Intake Cleanup,30,Open
9ada64be-9bd7-4722-b989-4d7667ddf8e2,6342dc63-7f22-4f16-ad09-6d8237f5e42d,Initial Intake Cleanup,30,Open
79ca8e2c-2851-4684-9992-12b724a4792a,ab2a2abe-0874-4c71-a47d-ab4eee27665a,Initial Intake Cleanup,30,Open
ed80a155-9413-4450-87b5-5c7e5d948b78,12aed788-2a65-4ad5-8746-e4809f9927a3,Initial Intake Cleanup,30,Open
f6055b58-3429-4a7f-a053-2c845cd98c3d,6ca853d6-1559-464a-8055-79340dbae2d9,Initial Intake Cleanup,30,Open
3aea3b76-29bf-4cd1-ac6d-dd825fdc1c28,6b69d28d-3767-4bd0-80bd-db394e74afc4,Initial Intake Cleanup,30,Open
b1eb6dca-4319-4af6-b25b-0ed520e9ce34,9243f726-6939-496a-9cbe-1d8239143bb2,Initial Intake Cleanup,30,Open
bf8d6e98-c5f9-4a92-be43-48dcb59866ae,3fef09cd-aca3-45f1-9527-cfe224e9716e,Initial Intake Cleanup,30,Open
19ad0252-5dea-4a97-b97f-c14c63cb91ad,3009456a-1797-4a1b-ae61-f505166aa3e5,Initial Intake Cleanup,30,Open
18fcf30d-79dd-4f63-bd6f-094de827551c,59ddc7b9-9585-46c3-bff5-83508052a5ab,Initial Intake Cleanup,30,Open
6adf534c-9da3-4d0a-8012-206f1cd254a4,fe6d2aed-3c10-4f5d-864d-f799a7ef8bd3,Initial Intake Cleanup,7,Open
6a0789df-93f6-41fc-a327-86f99440c285,b7e8b42b-8e20-43e6-9b60-a4860ff15ad4,Initial Intake Cleanup,30,Open
1d907dd1-ddaf-453f-8afb-caf970cdd051,54eacdea-f07a-4a7e-95ff-25ef895b134a,Initial Intake Cleanup,30,Open
89fc67db-7456-440a-b24b-73e4c0f5d3e6,1f52eaf7-4ca1-46ae-9e4f-5a272904cd58,Initial Intake Cleanup,30,Open
b264f4f2-d1ee-46d7-b4c2-245ae25829a9,db865062-6f26-47d1-a108-3743c21aaecc,Initial Intake Cleanup,30,Open
41b9a5a7-9b25-4675-aa15-aeb35b198c78,1371776b-e038-4805-af0d-5555116b86fa,Initial Intake Cleanup,30,Open
d1c15d22-0a5a-48cd-beee-cdd5099a3039,55cb4734-2fc2-45e7-a40f-6694710f6b06,Initial Intake Cleanup,7,Open
a55d0ddf-44ee-4e69-82c5-fcc2b2212891,b8b733fe-a260-4498-9c75-578ad5a1445b,Initial Intake Cleanup,30,Open
4c6272bb-90c7-4d04-ac97-b3d5998862e5,a9f62c90-0c85-44dc-b5a5-f418f9b5c1bc,Initial Intake Cleanup,30,Open
8362395a-ef5c-4470-b1b4-dfd76764c1d4,8b79552b-9a92-4488-af4d-8f7c7e27abf6,Initial Intake Cleanup,30,Open
08945efc-b3cb-4d57-9585-97c8866344cb,74e9ce88-32ad-4465-82cb-624bc2079177,Initial Intake Cleanup,30,Open
0e1a9f81-55a7-4cab-bba3-58f26104eff9,913125d0-5d8d-468d-ad01-b450b15be2ef,Initial Intake Cleanup,30,Open
0e01987e-1e25-4ea8-9c84-6b637bcee30d,3202ca34-0982-460d-bde3-edc12ebbd582,Initial Intake Cleanup,30,Open
85620015-2636-4415-828a-83fefe09bf00,f8de12ed-109f-4c27-8c6e-9a207fb0d028,Initial Intake Cleanup,30,Open
6ea25d80-cd12-4758-88b5-000beaff6936,353aa833-a53b-44f2-a0c6-5bd9facc37ef,Initial Intake Cleanup,7,Open
5266a8d9-041e-4b6f-b82c-0b3ff733ed63,ce247125-741d-424b-8ab0-f4992a2bb4a3,Initial Intake Cleanup,30,Open
bb6c1660-fd9f-4694-ada8-e2651cc57f10,f317747f-1264-4154-9118-07961ac6c02c,Initial Intake Cleanup,30,Open
5ef78b9b-97a2-48c5-861e-fc68d7c616e7,46abf185-bebb-42d6-8995-c48b05b22fde,Initial Intake Cleanup,30,Open
384ff4fc-cb5d-4e33-b853-e93e98caece1,47431c52-9806-4b70-b265-a147e6f8e466,Initial Intake Cleanup,30,Open
b4a667ae-5deb-4476-aecd-15d66f4c124b,8acd5dfe-2091-4e92-9ae3-1a50181f564b,Initial Intake Cleanup,30,Open
b5d9ab2c-d708-468e-8f35-be7def0ed977,eb6a1127-657a-4b11-be59-b2a3bb3f9ec3,Initial Intake Cleanup,30,Open
05b16d9e-a407-4018-927d-7362dbc8053f,10e6d0d7-789c-4569-9890-6a4cfce94f0f,Initial Intake Cleanup,30,Open
0d5a538f-4aba-4cc7-8db5-289e27fed951,1568a491-c469-471c-9a25-556972ac4e4d,Initial Intake Cleanup,30,Open
f0c85fa6-e1e7-45ff-bb82-421f51bee7e2,f3341b63-2d6c-4b20-b5f2-34f883eaaf47,Initial Intake Cleanup,30,Open
1f124f08-e4ee-408c-9fb0-3c2969a9450e,c82ba2c0-2431-49d2-be8c-d5b0d97e606a,Initial Intake Cleanup,30,Open
14a0c4a5-afad-46fb-aa67-dbc43abfae80,de9ecd1c-9c83-4107-817e-da0890a06832,Initial Intake Cleanup,30,Open
c15a41c3-12c6-4fe3-bd2a-8f6f96eb3668,2656cc02-65ab-416c-b97d-5cd4c859ffe6,Initial Intake Cleanup,30,Open
aa4a8248-9e1c-493f-8b99-4d7c8d2e122c,c47a39d5-1116-4f00-b822-f5df3aee37d6,Initial Intake Cleanup,30,Open
93d895cc-792c-413f-b8de-e7844ec3ef8b,f8466b6f-cc4c-4904-877d-df0f9c340717,Initial Intake Cleanup,30,Open
418ea9dd-b6df-434e-9432-546c3660ce42,21202444-c909-44dc-8ac0-a4025ca6cc30,Initial Intake Cleanup,30,Open
e46db902-c87b-4a7e-95ec-93cd886eb367,a70ef168-7527-492a-b81c-14d8395f59ef,Initial Intake Cleanup,30,Open
837a9534-a816-4551-8124-7edd273c4a1e,4dc177b7-1336-43e1-ad3a-4b6d480e77d4,Initial Intake Cleanup,30,Open
44d82e60-1c29-4aa8-a6b9-c1579cb8b6dd,33de531e-6af8-4d89-b633-29af99f161ac,Initial Intake Cleanup,30,Open
56596e58-dc01-4414-bb33-7346b908970e,8a14b45d-c4ab-4bc3-94da-93ce8e9d15b6,Initial Intake Cleanup,30,Open
10bcdb54-9cfb-4e23-a7e1-05a9b3938d10,8ff96309-aad8-4de4-89f8-928096dfd733,Initial Intake Cleanup,30,Open
dddbe21c-d94a-40ea-b4ba-27bb4edad66b,e1d0dd2c-f747-42dc-9a67-6c6c9f547562,Initial Intake Cleanup,30,Open
be9074c4-632d-43ab-a3c7-6d7430ce740d,b9ac8f12-679b-4cda-9fe2-5c44143525e5,Initial Intake Cleanup,30,Open
9d0cae7f-35c6-4c33-a401-a023cac9d57a,af4d43a0-6b09-4bc3-9c9b-5a5aa4e458e5,Initial Intake Cleanup,30,Open
caa31ef8-d0e9-4610-a903-5857b09ec9f3,d09ce3f6-6b59-48a6-b455-5e878ae0be02,Initial Intake Cleanup,30,Open
23c3a2bc-a42d-4904-8855-6008fc46271a,652c0ef7-d66a-409d-a129-5215a3336735,Initial Intake Cleanup,30,Open
069ca6d6-7a30-4b0c-acb3-d7291be21205,035b317c-6162-4b8f-b470-02d5cc30d193,Initial Intake Cleanup,30,Open
8cec013c-8c91-4378-9887-c5d09a1e7ccf,67d4b6ba-0e96-4d3e-896f-9f9dca9d3f3d,Initial Intake Cleanup,30,Open
d4919aff-9c2c-48c5-8c3b-01c1598f1600,318d984e-3074-4edc-9f02-09aa9de904dc,Initial Intake Cleanup,30,Open
af5b148b-3197-40b3-8913-6a39757b8713,9d4c3b60-987e-4109-8984-188297eef4d5,Initial Intake Cleanup,30,Open
6d329b16-4f33-47dd-a0e9-f80024b9401b,ca9524b2-c5c5-4005-b499-0576ed316792,Initial Intake Cleanup,30,Open
b08372ba-04cc-4543-bc18-c8da385129f5,1da90a05-a51f-4da7-92dd-38c42974a8d3,Initial Intake Cleanup,30,Open
d6d1f810-ede9-4021-b7c6-9d017a8e9708,8bbb3f5a-9844-4743-a7cc-24782fb99e29,Initial Intake Cleanup,30,Open
d4833996-8c96-4a48-8644-f33a09fa83cc,d13076cd-7380-4666-9711-3ba4547c4f26,Initial Intake Cleanup,30,Open
b97321d9-40d0-4c14-b328-47d247899f58,27c65d28-e98a-4d49-b6cb-34a91597640d,Initial Intake Cleanup,30,Open
0a9661b0-1995-4253-8007-939a8d6527e9,6d18e41f-9380-4aa1-8a49-d6f5bd2e7877,Initial Intake Cleanup,30,Open
02a9da2f-f9fd-41fa-8de3-1dff9280382b,b4c972df-e6a6-4322-809e-9af1154c29df,Initial Intake Cleanup,30,Open
2fe37350-51cb-416a-b730-1fe080b5745d,2dc9be02-69b2-4da0-9aff-f64724293e54,Initial Intake Cleanup,30,Open
d07d9543-478c-47dd-b766-77795d64cf22,19198023-31c9-48f3-a381-78d912f3f436,Initial Intake Cleanup,30,Open
bc62750b-e65d-4d45-8816-07989efcfff2,4b6bf802-1776-4f51-acc7-a974cd176460,Initial Intake Cleanup,7,Open
4b448e6b-b58c-493e-918d-e97069458133,ab3a1889-106d-4314-81bb-f09a6c3ba995,Initial Intake Cleanup,30,Open
0ebee184-96f3-4260-bc39-180ac83009d1,32d278f9-4583-49c5-a26a-dca4ad21e61f,Initial Intake Cleanup,30,Open
e1ee1dbd-847f-4d09-98c1-92040287cc4d,cf12f4e4-7f81-4e3a-8ed0-4be608512283,Initial Intake Cleanup,30,Open
b29b36fa-3bd5-4be4-9749-eb9728c22293,1cca2f6a-cedb-4919-8892-0c285e0facca,Initial Intake Cleanup,30,Open
af787fec-c27f-49a8-bda6-fe03fe4e1246,836ba95c-4fa9-4405-8f74-dff442e14af6,Initial Intake Cleanup,30,Open
774e71f3-5a06-4b1a-9968-43a910eb4d57,be35eff7-9420-469b-b941-20956516fb5d,Initial Intake Cleanup,30,Open
d1c0e6fd-d737-45f6-85d9-72ee893e9073,79ca4dd7-61e5-42a6-ab84-be567d185505,Initial Intake Cleanup,30,Open
48ccfb79-891d-48e7-a9c8-334cfe5cca70,8a82be16-d163-4861-bf5e-d7b23589efb3,Initial Intake Cleanup,30,Open
93c15ef6-2e5a-400c-ab6e-3c5fafed435a,3213acd0-6266-4e44-9464-1836d36afd1b,Initial Intake Cleanup,30,Open
15d515ee-2f5b-4b4f-84c8-abba22d2dd63,eed4a589-2662-4a9c-b813-a941e33846a0,Initial Intake Cleanup,7,Open
0beca8d1-4270-45f4-9cbb-582c5ceb438d,21efed44-9b00-41fc-966d-28f5dc8bdcac,Initial Intake Cleanup,30,Open
82fe071e-94f8-439d-bdbe-fda662a228d8,9dac8e9d-f1f7-4a6f-9f06-8c275250b496,Initial Intake Cleanup,30,Open
5f29cf11-9d77-4d0d-a174-f72dea165b12,8e0b8998-6b24-49d1-9a26-c6f1ca1e4756,Initial Intake Cleanup,30,Open
b9e21118-6f29-4b71-ba91-929c21504871,f0dd15f3-4502-4fea-b023-e9d94e49241a,Initial Intake Cleanup,7,Open
8591eaa3-89ff-430c-8b6c-6f53e2f5f760,bdba2385-34b2-46e6-b18c-dfbf814ddf33,Initial Intake Cleanup,30,Open
f9e5f8a6-6bb1-46a9-a850-923c581deffb,85de8837-b9a8-4a56-a9d7-cdebbf2a69f1,Initial Intake Cleanup,30,Open
9c5fa28d-7065-4e68-925a-20c5cc22521d,bac53f82-8141-4cd4-b0d7-54e4953535fd,Initial Intake Cleanup,30,Open
0dd68fbe-34a0-4f9a-9cc8-8809e2f2af59,b2e866e4-3469-4692-9134-de07e1a00de4,Initial Intake Cleanup,30,Open
